organization,primary_sector,scope1,scope2,scope3,scope1_2,scope_weighted,total_emission
ABM INDUSTRIES INC,Commercial & consumer services,49224.21,6622.38,3202.27,55846.59,27239.273,59048.85999999999
Abbott Laboratories,Health care provision,518500.0,531500.0,1379.111111111111,1050000.0,418975.8222222222,1051379.111111111
Resolute Forest Products Inc.,Wood & paper materials,1066050.5,1096161.0,512619.9,2162211.5,964397.53,2674831.4
3M Company,Chemicals,4790000.0,1860000.0,1204450.0,6650000.0,3193890.0,7854450.0
Abercrombie & Fitch Co.,Discretionary retail,8817.0,62744.0,60134.0,71561.0,35258.5,131695.0
The AES Corporation,Thermal power generation,59339712.0,293075.0,3631718.6666666665,59632787.0,30484122.233333334,63264505.666666664
"Adobe, Inc.",IT & software development,12119.0,58874.0,102808.74,70993.0,44283.448000000004,173801.74
"Advanced Micro Devices, Inc",Electrical & electronic equipment,2802.0,57781.0,184400.0,60583.0,55615.3,244983.0
Agnico-Eagle Mines Limited,Metallic mineral mining,332437.0,78909.0,,411346.0,,411346.0
AFLAC Incorporated,Financial services,4082.0,14906.333333333334,3046.25,18988.333333333336,7122.15,22034.583333333336
Affiliated Managers Group,Financial services,261.19,900.225,2221.33,1161.415,844.9285,3382.745
Agilent Technologies Inc.,Medical equipment & supplies,7809.0,51675.25,62712.2,59484.25,31949.515,122196.45
Air Canada,Air transport,12870926.0,14303.0,1650321.0,12885229.0,6769818.100000001,14535550.0
"Air Products & Chemicals, Inc.",Chemicals,16366666.666666666,9553333.333333334,1740033.3333333333,25920000.0,11397339.999999998,27660033.333333332
AK Steel Holding Corporation,"Metal smelting, refining & forming",6574261.0,2381598.0,,8955859.0,,8955859.0
Akamai Technologies Inc,IT & software development,0.0,166081.88999999998,10663.393999999998,166081.88999999998,51957.2458,176745.28399999999
Algonquin Power & Utilities Corporation,Renewable power generation,2837895.92,42834.81,,2880730.73,,2880730.73
Allergan plc,Biotech & pharma,80529.0,72899.0,76164.91,153428.0,77367.182,229592.91
The Allstate Corporation,Financial services,45966.0,82887.0,6611.714285714285,128853.0,49171.44285714286,135464.7142857143
Alliant Energy Corporation,Thermal power generation,16199031.0,4415.995,,16203446.995,,16203446.995
"Altria Group, Inc.",Tobacco,162139.0,170119.0,210298.72727272726,332258.0,174164.94545454546,542556.7272727273
AltaGas Ltd.,Energy utility networks,2094111.0,267601.0,4744691.0,2361712.0,2076274.0,7106403.0
American Airlines Group Inc,Air transport,39416842.666666664,331808.3333333333,3097621.875,39748651.0,20427488.208333332,42846272.875
Ameren Corporation,Energy utility networks,29587976.0,74622.0,325324.0,29662598.0,14881439.4,29987922.0
Amphenol Corporation,Electrical & electronic equipment,66735.0,259802.5,,326537.5,,326537.5
"American Electric Power Company, Inc.",Thermal power generation,75361246.0,15739423.0,1224858.4,91100669.0,42647421.58,92325527.4
American Express,Financial services,23981.0,112745.0,260171.0,136726.0,97848.20000000001,396897.0
"American International Group, Inc. (AIG)",Financial services,298.0,8824.0,,9122.0,,9122.0
American Packaging,Metal products manufacturing,52064.0,35796.0,,87860.0,,87860.0
"Ameriprise Financial, Inc.",Financial services,1843.24,17215.07,,19058.31,,19058.31
AmerisourceBergen Corp.,"Trading, wholesale, distribution, rental & leasing",37476.78,90089.28,20883.0,127566.06,49941.774,148449.06
"Amgen, Inc.",Biotech & pharma,160184.0,176138.0,408071.71428571426,336322.0,214547.74285714285,744393.7142857143
AMKOR TECHNOLOGY INC,Electrical & electronic equipment,50779.27,936853.25,96031.42375,987632.52,325651.89475,1083663.94375
Anadarko Petroleum Corporation,Oil & gas extraction & production,6107648.0,963832.0,5225394.0,7071480.0,4388052.4,12296874.0
"Analog Devices, Inc.",Electrical & electronic equipment,63123.0,165281.33333333334,4578.0,228404.33333333334,82061.5,232982.33333333334
AptarGroup,Plastic product manufacturing,20518.0,168528.0,40253.0,189046.0,68868.0,229299.0
Apple Inc.,Electrical & electronic equipment,54590.0,,3581500.0,54590.0,,3636090.0
Applied Materials Inc.,Electrical & electronic equipment,45326.0,,24819.0,45326.0,,70145.0
ARC Resources Ltd.,Oil & gas extraction & production,636614.98,258979.55,,895594.53,,895594.53
Archer Daniels Midland,Food & beverage processing,14523000.0,2840000.0,11330000.0,17363000.0,10379500.0,28693000.0
Ashland Global Holdings Inc,Chemicals,455000.0,689000.0,132701500.0,1144000.0,26974500.0,133845500.0
"Assurant, Inc.",Financial services,948.0,27424.0,11665.0,28372.0,11034.199999999999,40037.0
AT&T Inc.,"Media, telecommunications & data center services",1019696.0,6662164.0,1127519.0,7681860.0,2734001.0,8809379.0
Atmos Energy Corp,Energy utility networks,,,9528199.5,0.0,,9528199.5
ATS Automation Tooling Systems,Powered machinery,5784.5,28228.79,15553.93,34013.29,14471.673,49567.22
"Autodesk, Inc.",IT & software development,2655.0,10956.0,24638.2,13611.0,9541.939999999999,38249.2
"Automatic Data Processing, Inc.",Specialized professional services,19149.11,100610.66,348811.26,119759.77,109520.005,468571.03
Avaya,"Media, telecommunications & data center services",7550.0,41096.0,74305.09090909091,48646.0,30964.818181818184,122951.09090909091
AvalonBay Communities,Financial services,19816.0,60936.0,69671.14285714286,80752.0,42123.02857142857,150423.14285714284
Avery Dennison Corporation,Paper products & packaging,213067.0,619896.0,611238.36,832963.0,414749.972,1444201.3599999999
"Avon Products, Inc.",Chemicals,35869.0,73488.0,13157.0,109357.0,42612.299999999996,122514.0
Ball Corporation,Metal products manufacturing,439593.0,896674.0,845950.3636363636,1336267.0,657988.7727272727,2182217.3636363638
Baker Hughes Company,Industrial support services,353303.0,282321.0,80327.6,635624.0,277413.32,715951.6
Bank of Montreal,Financial services,42883.0,99061.0,10695.5,141944.0,53298.9,152639.5
Bank of America,Financial services,85145.0,791166.0,481911.3,876311.0,376304.56,1358222.3
BNY Mellon,Financial services,8005.0,142152.0,50058.0,150157.0,56659.7,200215.0
Bank of Nova Scotia (Scotiabank),Financial services,13278.333333333334,117075.33333333333,20020.0,130353.66666666666,45765.76666666666,150373.66666666666
Barrick Gold Corporation,Metallic mineral mining,4827000.0,624000.0,142040.0,5451000.0,2629108.0,5593040.0
Baxter International Inc.,Medical equipment & supplies,307000.0,447000.0,307600.0,754000.0,349120.0,1061600.0
Baytex Energy Corp.,Oil & gas extraction & production,1278240.46,64390.68,,1342631.14,,1342631.14
BCE Inc.,"Media, telecommunications & data center services",133899.0,199394.0,272201.5,333293.0,181208.0,605494.5
"Becton, Dickinson and Co.",Medical equipment & supplies,98252.0,400029.0,220184.55555555556,498281.0,213171.61111111112,718465.5555555555
"Best Buy Co., Inc.",Discretionary retail,237327.0,412712.0,5705364.5,650039.0,1383550.0,6355403.5
"Berry Global Group, Inc",Light manufacturing,231613.0,1266391.0,1041000.0,1498004.0,703923.8,2539004.0
BLACK & VEATCH LIMITED,Specialized professional services,4961.0,19523.0,22473.0,24484.0,12832.0,46957.0
Biogen Inc.,Biotech & pharma,63053.25,41663.0,54533.125,104716.25,54932.15,159249.375
BlackRock,Financial services,4806.97,22042.69,13243.765,26849.66,11665.045,40093.425
Bloomberg,Specialized professional services,12915.41,98234.85,9819.58875,111150.26000000001,37892.077750000004,120969.84875
Bonavista Energy Corporation,Oil & gas extraction & production,878512.0,48091.0,,926603.0,,926603.0
Boardwalk REIT,Financial services,,,,0.0,,0.0
Boeing Company,Transportation equipment,646000.0,892000.0,320000.0,1538000.0,654600.0,1858000.0
Booz Allen Hamilton,Specialized professional services,1.76,16981.03,49002.43,16982.789999999997,14895.675,65985.22
BorgWarner,Powered machinery,63307.0,289546.0,14407.443333333335,352853.0,121398.78866666667,367260.44333333336
BOTTOMLINE TECHNOLOGIES EUROPE LTD,IT & software development,,,,0.0,,0.0
Boston Scientific Corporation,Medical equipment & supplies,31257.0,74311.0,,105568.0,,105568.0
Bristol-Myers Squibb,Biotech & pharma,235000.0,137000.0,4285593.0,372000.0,1015718.6000000001,4657593.0
Broadridge Financial Solutions Inc,Specialized professional services,10287.0,45242.0,23261.0,55529.0,23368.3,78790.0
Brown-Forman Corporation,Food & beverage processing,106249.0,73403.0,6450.0,179652.0,76435.4,186102.0
Bryce Corporation,Light manufacturing,6634.0,8750.0,9100.0,15384.0,7762.0,24484.0
Bunge,"Trading, wholesale, distribution, rental & leasing",1694345.0,1574726.0,7549329.846153846,3269071.0,2829456.269230769,10818400.846153846
Butterball,Fish & animal farming,47497.0,109380.0,,156877.0,,156877.0
C.H. Robinson,Intermodal transport & logistics,2834.0,31391.0,,34225.0,,34225.0
Cabot Corporation,Chemicals,4771000.0,321000.0,25000.0,5092000.0,2486800.0,5117000.0
CAE Inc.,Electrical & electronic equipment,25213.0,62612.0,,87825.0,,87825.0
Campbell Soup Company,Food & beverage processing,417399.0,323402.75,552356987.7777778,740801.75,110777117.88055557,553097789.5277778
Canadian National Railway Company,Rail transport,5776183.0,188992.0,414776.3333333333,5965175.0,3027744.3666666667,6379951.333333333
Canadian Pacific Railway,Rail transport,3052104.0,49832.0,16009.2,3101936.0,1544203.4400000002,3117945.2
Canadian Natural Resources Limited,Oil & gas extraction & production,21946381.46,3069318.0,,25015699.46,,25015699.46
"Canadian Tire Corporation, Limited",Discretionary retail,53022.0,42939.0,551768.4285714285,95961.0,149746.38571428572,647729.4285714285
Canadian Imperial Bank of Commerce (CIBC),Financial services,21880.0,38044.0,10927.666666666666,59924.0,24538.73333333333,70851.66666666667
Capital One Financial,Financial services,10719.5,166874.0,53529.885714285716,177593.5,66127.92714285714,231123.38571428572
Cargill,Food & beverage processing,7421863.0,,44526.0,7421863.0,,7466389.0
Cardinal Health Inc.,"Trading, wholesale, distribution, rental & leasing",158333.33333333334,258666.66666666666,20400.0,417000.0,160846.6666666667,437400.0
Cartus,Other services,497.95,1975.95,,2473.9,,2473.9
Acosta Inc.,Commercial & consumer services,,,,0.0,,0.0
"CBRE Group, Inc.",Other services,46069.0,24439.0,19984.0,70508.0,34363.0,90492.0
Cascades Inc.,Paper products & packaging,546894.0,15269.0,443262.0,562163.0,366680.10000000003,1005425.0
CBS Corp.,"Media, telecommunications & data center services",22096.6,198449.99,20432.63,220546.59,74669.82299999999,240979.22
CCL Industries,Light manufacturing,40425.155,136779.615,77376.45,177204.77,76721.752,254581.21999999997
Celgene Corporation,Biotech & pharma,24016.63,35871.11,9683.477499999999,59887.740000000005,24706.343500000003,69571.2175
Celestica Inc.,Electrical & electronic equipment,8867.0,174505.0,49601.22222222222,183372.0,66705.24444444444,232973.22222222222
Centerra Gold Inc.,Metallic mineral mining,433037.75,30387.06,,463424.81,,463424.81
Charles Schwab Corporation,Financial services,2663.0,51146.0,,53809.0,,53809.0
"Church & Dwight Co., Inc",Chemicals,82317.0,85914.0,12058.5,168231.0,69344.4,180289.5
"Cisco Systems, Inc.",IT & software development,41171.0,666708.0,3952055.8,707879.0,1011009.06,4659934.8
Ciena Corp.,Electrical & electronic equipment,1977.5599999999997,17434.12,12268.518333333333,19411.68,8672.719666666666,31680.198333333334
Cigna,Financial services,10961.0,58992.0,21371.0,69953.0,27452.3,91324.0
Cincinnati Financial Corporation,Financial services,17336.8,15160.09,,32496.89,,32496.89
Citigroup Inc.,Financial services,22307.0,635345.0,1783905.4166666667,657652.0,558538.0833333334,2441557.416666667
Clorox Company,Chemicals,72962.0,199087.0,153875.0,272049.0,126982.1,425924.0
CMS Energy Corporation,Thermal power generation,13164704.0,53959.0,7972043.5,13218663.0,8192948.4,21190706.5
Tapestry Inc,Discretionary retail,1048.12,57255.45,61826.80666666667,58303.57,30066.056333333334,120130.37666666668
Colgate Palmolive Company,Chemicals,196333.0,410725.0,5120173.0,607058.0,1245418.6,5727231.0
The Coca-Cola Company,Food & beverage processing,707152.0,800918.0,7875376.857142857,1508070.0,2168926.7714285715,9383446.857142858
Cogeco Inc.,"Media, telecommunications & data center services",10392.0,33952.0,886.0,44344.0,15558.800000000001,45230.0
Comcast Corporation,"Media, telecommunications & data center services",505483.0,1489358.0,,1994841.0,,1994841.0
Comerica Incorporated,Financial services,6371.0,39916.0,4898.375,46287.0,16139.974999999999,51185.375
"CommScope, Inc.",Electrical & electronic equipment,87986.82,136335.15,,224321.97,,224321.97
"comScore, Inc.",IT & software development,,,,0.0,,0.0
Conagra Brands Inc,Food & beverage processing,337648.0,309575.0,605135.6363636364,647223.0,382723.62727272726,1252358.6363636362
ConocoPhillips,Oil & gas extraction & production,19175798.0,1086954.0,45044739.25,20262752.0,18922933.049999997,65307491.25
"Constellation Brands, Inc.",Food & beverage processing,316386.0,54053.0,264056.0,370439.0,227220.1,634495.0
Cooper Tire & Rubber,Light manufacturing,171339.5,443351.0,,614690.5,,614690.5
Ingredion Incorporated,Food & beverage processing,2998910.0,947199.0,886773.8,3946109.0,1960969.46,4832882.8
Costco Wholesale Corporation,Convenience retail,1114966.57,1393452.84,,2508419.41,,2508419.41
Covanta Energy Corporation,Non-energy utilities,4329143.0,23066.0,50573.0,4352209.0,2181605.9,4402782.0
Crescent Point Energy Corporation,Oil & gas extraction & production,2488849.22,1146647.22,137.81,3635496.4400000004,1588446.338,3635634.2500000005
Crown Holdings,Metal products manufacturing,576724.0,790581.0,2554535.8,1367305.0,1036443.46,3921840.8
Cypress Semiconductor Corporation,Electrical & electronic equipment,142274.0,178115.0,,320389.0,,320389.0
CSX Corporation,Rail transport,4854805.75,218625.5,602112.3333333334,5073431.25,2613412.9916666667,5675543.583333333
Cummins Inc.,Powered machinery,305970.0,566875.0,58271350.0,872845.0,11977317.5,59144195.0
CVS Health,Financial services,177347.26,1096751.85,1753069.0485714285,1274099.11,768312.9947142857,3027168.1585714286
Dana,Metal products manufacturing,124045.4,418084.07,1487392.6,542129.47,484926.441,2029522.07
DaVita Inc.,Health care provision,33495.52,246359.775,27352.25,279855.295,96126.14249999999,307207.545
Deere & Company,Powered machinery,385776.0,760339.0,374323.6,1146115.0,495854.4199999999,1520438.6
Delta Air Lines,Air transport,36994397.94,306727.09,1294499.5066666666,37301125.03,18848116.99833333,38595624.53666667
Del Monte Foods,Food & beverage processing,77190.0,49490.0,753.0,126680.0,53592.6,127433.0
Deloitte Touche Tohmatsu Limited,Specialized professional services,62456.0,187469.0,345815.0,249925.0,156631.7,595740.0
Dentsply Sirona Inc.,Medical equipment & supplies,,,,0.0,,0.0
Desjardins Group,Financial services,16541.0,4962.0,40151.9,21503.0,17789.480000000003,61654.9
Devon Energy Corporation,Oil & gas extraction & production,5647500.88,654124.0,,6301624.88,,6301624.88
Dover Corporation,Powered machinery,45985.0,,586854.8571428572,45985.0,,632839.8571428572
The Dow Chemical Company,Chemicals,26811670.0,7962756.0,6548991.0,34774426.0,17104460.0,41323417.0
"American Sugar Refining, Inc.",Food & beverage processing,,,,0.0,,0.0
Dominion Energy,Thermal power generation,27816676.0,53898.0,10329936.65,27870574.0,15990494.73,38200510.65
Domtar Corporation,Wood & paper materials,1943386.0,596813.0,314000.0,2540199.0,1213536.9,2854199.0
Keurig Dr Pepper,Food & beverage processing,273575.84,166483.0,584382.3636363636,440058.84,303609.2927272727,1024441.2036363636
DTE Energy Company,Thermal power generation,34246000.0,1938000.0,3477955.0,36184000.0,18399991.0,39661955.0
Duke Energy Corporation,Thermal power generation,96548800.0,23200.0,14038821.0,96572000.0,51089124.2,110610821.0
Ecolab Inc.,Commercial & consumer services,409173.0,254767.0,1754451.25,663940.0,631906.85,2418391.25
Eastman Chemical Company,Chemicals,5820940.0,1606800.0,2257462.5,7427740.0,3844002.5,9685202.5
Eaton Corporation,Electrical & electronic equipment,297169.0,906793.2233333334,6745514.944,1203962.2233333334,1769725.4558,7949477.167333334
Eaton Vance,Financial services,,,,0.0,,0.0
eBay Inc.,Discretionary retail,29552.0,154526.0,79142.85714285714,184078.0,76962.37142857142,263220.85714285716
Edelman,Specialized professional services,631.18,1856.39,5282.545,2487.57,1929.016,7770.115
Eldorado Gold Corporation,Metallic mineral mining,43875.0,98184.0,11006.913333333332,142059.0,53594.08266666666,153065.91333333333
Eli Lilly & Co.,Biotech & pharma,391735.0,983793.0,31542.333333333332,1375528.0,497313.86666666664,1407070.3333333333
Emera Inc.,Thermal power generation,21061783.0,410.0,4952111.0,21062193.0,11521436.7,26014304.0
Emerson Electric Co.,Electrical & electronic equipment,133622.0,538012.5,,671634.5,,671634.5
Empire Company Limited,Convenience retail,239473.0,563447.0,35345.0,802920.0,295839.6,838265.0
Enerplus Corporation,Oil & gas extraction & production,880197.0,123331.0,,1003528.0,,1003528.0
"EOG Resources, Inc.",Oil & gas extraction & production,5405641.45,,,5405641.45,,5405641.45
Estee Lauder Companies Inc.,Chemicals,34537.08,59390.15,261839.545,93927.23000000001,87453.494,355766.775
Exelon Corporation,Nuclear power generation,9526298.0,6120046.0,9980447.454545455,15646344.0,8595252.290909091,25626791.454545453
Expeditors International of Washington,Intermodal transport & logistics,7789.8,46915.1,5865.5,54704.9,19142.53,60570.4
Fifth Third Bancorp,Financial services,14046.0,91519.0,12904.0,105565.0,37059.5,118469.0
FedEx Corporation,Intermodal transport & logistics,15152383.0,1049987.0,940321.6666666666,16202370.0,8079251.933333333,17142691.666666668
Fidelity National Information Services,Specialized professional services,,,,0.0,,0.0
Finning International Inc.,Industrial support services,62511.0,42245.0,,104756.0,,104756.0
FirstEnergy Corporation,Thermal power generation,32874709.0,51054.0,6702556.8,32925763.0,17793182.06,39628319.8
First Capital Realty Inc.,Land & property ownership & development,9440.0,15380.0,160.0,24820.0,9366.0,24980.0
First Solar Inc,Renewable energy equipment,22200.0,427890.0,77946.92307692308,450090.0,155056.38461538462,528036.9230769231
"Fiserv, Inc.",Specialized professional services,5598.0,80486.0,38426.0,86084.0,34630.0,124510.0
Flex Ltd.,Electrical & electronic equipment,82432.0,822750.0,94787.66666666667,905182.0,306998.5333333333,999969.6666666666
Fluor Corporation,Construction,14372.0,50476.0,38225.0,64848.0,29973.8,103073.0
Ford Motor Company,Transportation equipment,1442963.0,3349808.0,17446346.9,4792771.0,5215693.279999999,22239117.9
"Franklin Resources, Inc.",Financial services,8592.6,27711.98,8773.275,36304.58,14364.549,45077.855
Franco-Nevada Corporation,Metallic mineral mining,46.5,,,46.5,,46.5
Gap Inc.,Discretionary retail,27819.0,371732.0,802306.3,399551.0,285890.36,1201857.3
General Dynamics Corporation,Transportation equipment,306160.5,,,306160.5,,306160.5
General Mills Inc.,Food & beverage processing,300309.0,561540.0,1186625.0,861849.0,555941.5,2048474.0
General Motors Company,Transportation equipment,1763555.0,4322761.0,18892528.42857143,6086316.0,5957111.485714286,24978844.42857143
General Electric Company,Powered machinery,1293842.16,1510716.0,1271039.085,2804558.16,1354343.697,4075597.245
"Genpact International, LLC",IT & software development,4586.666666666667,89907.33333333333,25024.7,94494.0,34270.47333333333,119518.7
"Genworth Financial, Inc.",Financial services,898.67,5049.88,766.7800000000001,5948.55,2117.655,6715.33
George Weston Limited,Convenience retail,74222.42,79089.53,5141.16,153311.95,61866.30100000001,158453.11000000002
Gildan Activewear Inc.,Apparel design,118729.0,212905.0,160.5,331634.0,123268.1,331794.5
"Gilead Sciences, Inc.",Biotech & pharma,47256.0,36588.0,23862.0,83844.0,39376.8,107706.0
Goldman Sachs Group Inc.,Financial services,11482.0,184809.0,226689.0,196291.0,106521.5,422980.0
"Alphabet, Inc.",Web & marketing services,63521.0,4344686.0,1427946.7,4408207.0,1620755.6400000001,5836153.7
Goodyear Tire & Rubber Company,Light manufacturing,1191789.0,1550510.0,18381183.111111112,2742299.0,4737284.122222222,21123482.111111112
Graphic Packaging International LLC,Paper products & packaging,1374530.0,731898.0,248247.33333333334,2106428.0,956483.8666666667,2354675.3333333335
Great-West Lifeco Inc.,Financial services,15893.0,31011.0,19740.5,46904.0,21197.9,66644.5
H&R Real Estate Investment Trust,Financial services,20127.0,41570.0,540.0,61697.0,22642.5,62237.0
H.B. Fuller,Chemicals,75366.0,87088.0,18770.666666666668,162454.0,67563.53333333333,181224.66666666666
Halliburton Company,Industrial support services,1037876.0,271233.0,73387.77,1309109.0,614985.454,1382496.77
Caesars Entertainment,Entertainment facilities,226932.0,723373.3333333334,442690.81,950305.3333333334,419016.162,1392996.1433333333
L3Harris Technologies INC,Electrical & electronic equipment,532.0,154996.0,21730.166666666668,155528.0,51110.83333333333,177258.16666666666
"The Hartford Financial Services Group, Inc.",Financial services,16205.0,25502.5,24002.5,41707.5,20553.75,65710.0
"Hasbro, Inc.",Leisure & home manufacturing,5447.0,7629.0,163013.33333333334,13076.0,37614.86666666667,176089.33333333334
Hertz Global Holdings,"Trading, wholesale, distribution, rental & leasing",3584164.0,119149.0,6484.333333333333,3703313.0,1829123.5666666667,3709797.3333333335
Hess Corporation,Oil & gas extraction & production,3577301.0,342678.0,14467730.0,3919979.0,4784999.9,18387709.0
"Hilton Worldwide, Inc.","Bars, hotels & restaurants",533382.0,1873715.0,782556.4285714285,2407097.0,985316.7857142857,3189653.4285714286
"The Home Depot, Inc.",Discretionary retail,516246.0,1649190.0,63575018.0,2165436.0,13467883.600000001,65740454.0
Honeywell International Inc.,Electrical & electronic equipment,1479149.0,1048843.0,3143974.3333333335,2527992.0,1683022.2666666666,5671966.333333334
"Host Hotels & Resorts, Inc.",Financial services,110298.0,279606.0,28061.666666666668,389904.0,144643.13333333333,417965.6666666667
HudBay Minerals Inc.,Metallic mineral mining,170190.0,403100.0,,573290.0,,573290.0
Humana Inc.,Financial services,16408.0,86278.0,21119.0,102686.0,38311.2,123805.0
Huntington Bancshares Incorporated,Financial services,13828.0,73172.0,1744.0,87000.0,29214.399999999998,88744.0
Husky Energy Inc.,Oil & gas processing,10827333.333333334,2066666.6666666667,23220000.0,12894000.0,10677666.666666668,36114000.0
ICF International,IT & software development,868.04,7771.57,9184.44,8639.61,4602.379,17824.050000000003
IGM Financial Inc.,Financial services,724.0,2.0,4262.62,726.0,1215.124,4988.62
Illinois Tool Works Inc.,Metal products manufacturing,134118.0,540715.0,157446.0,674833.0,260762.7,832279.0
Industrial Alliance Insurance and Financial Services Inc.,Financial services,4314.0,21.0,651.3333333333334,4335.0,2293.566666666667,4986.333333333333
International Business Machines (IBM),IT & software development,124633.0,1133030.0,269340.4,1257663.0,456093.58,1527003.4
Intel Corporation,Electrical & electronic equipment,1458000.0,2919000.0,916636.3636363636,4377000.0,1788027.2727272727,5293636.363636363
Inter Pipeline Ltd.,Oil & gas storage & transportation,563538.0,556252.0,,1119790.0,,1119790.0
Intact Financial Corporation,Financial services,7521.0,4962.0,2357.0,12483.0,5720.5,14840.0
Invesco Ltd,Financial services,697.0,11790.0,6075.333333333333,12487.0,5100.566666666667,18562.333333333332
International Flavors & Fragrances Inc.,Chemicals,120566.5,120499.5,111130.9,241066.0,118659.28,352196.9
International Paper Company,Paper products & packaging,8807591.0,3698688.0,2110347.5,12506279.0,5935471.4,14616626.5
Intuit Inc.,IT & software development,2045.0,18883.0,5691.8,20928.0,7825.76,26619.8
J M HUBER,Chemicals,673313.0,482659.0,,1155972.0,,1155972.0
Jabil Inc.,Electrical & electronic equipment,46351.0,685071.0,60968.0,731422.0,240890.4,792390.0
Jetblue Airways Corporation,Air transport,8370944.0,26656.0,847787.0,8397600.0,4363026.2,9245387.0
Johnson & Johnson,Biotech & pharma,445054.0,680326.0,1781745.4545454546,1125380.0,782973.8909090909,2907125.4545454546
JLL,Other services,36416.0,28135.0,1727947.5,64551.0,372238.0,1792498.5
JPMorgan Chase & Co.,Financial services,83101.0,739458.0,103032.435,822559.0,283994.38700000005,925591.435
"Juniper Networks, Inc.",Electrical & electronic equipment,3859.0,56003.0,315641.0,59862.0,81858.6,375503.0
Kansas City Southern,Rail transport,1409403.0,29537.0,137626.0,1438940.0,741087.7999999999,1576566.0
Kellogg Company,Food & beverage processing,483061.0,650835.0,1756733.125,1133896.0,788127.625,2890629.125
Kelly Services,Specialized professional services,793.0,5551.5,,6344.5,,6344.5
KeyCorp,Financial services,14525.38,45903.89,825664.3833333333,60429.27,186166.73366666667,886093.6533333333
Keyera Corp.,Oil & gas processing,1581779.0,457708.0,,2039487.0,,2039487.0
KIK Custom Products,Chemicals,77916.0,82778.0,,160694.0,,160694.0
Kimco Realty,Financial services,2142.24,36895.52,18574.084,39037.759999999995,15854.592799999999,57611.844
Kinross Gold Corporation,Metallic mineral mining,942936.25,,137919.0,942936.25,,1080855.25
KLA,Electrical & electronic equipment,1856.5,44163.0,,46019.5,,46019.5
Knappen Milling,Food & beverage processing,,,,0.0,,0.0
Kohl's Corporation,Discretionary retail,47034.0,506899.0,71414.28571428571,553933.0,189869.5571428571,625347.2857142857
Kroger,Convenience retail,2313574.0,3603853.0,459811.2,5917427.0,2329905.14,6377238.2
Labbeemint,Food & beverage processing,87.1,443.2,,530.3,,530.3
Laboratory Corporation of America Holdings,Health care provision,73677.0,175014.0,28143.5,248691.0,94971.4,276834.5
Las Vegas Sands Corporation,Entertainment facilities,257800.0,743970.0,75311.625,1001770.0,367153.325,1077081.625
Laurentian Bank of Canada,Financial services,,,,0.0,,0.0
"Legg Mason, Inc.",Financial services,154.63,3296.96,1089.8666666666666,3451.59,1284.3763333333334,4541.456666666667
Levi Strauss & Co.,Apparel design,10140.0,45856.0,471384.9090909091,55996.0,113103.78181818183,527380.9090909092
"Lexmark International, Inc.",Electrical & electronic equipment,21134.0,82006.0,95440.625,103140.0,54256.925,198580.625
Lincoln National Corporation,Financial services,2916.7749999999996,10752.69,7770.794,13669.465,6238.3533,21440.259
"L Brands, Inc.",Discretionary retail,26837.0,237330.0,416675.5,264167.0,167952.6,680842.5
Loblaw Companies Limited,Convenience retail,482017.22,286979.51,43854.104,768996.73,335873.2838,812850.834
Lockheed Martin Corporation,Electrical & electronic equipment,291522.0,673108.0,3818875.0,964630.0,1111468.4,4783505.0
"Lowe's Companies, Inc.",Discretionary retail,473689.0,1932514.0,171321486.5,2406203.0,35080896.00000001,173727689.5
LyondellBasell Industries N.V.,Chemicals,14100500.0,9061500.0,6888660.0,23162000.0,11146432.0,30050660.0
"Macy's, Inc.",Discretionary retail,45504.0,552248.0,14400.0,597752.0,191306.4,612152.0
Magna International Inc.,Metal products manufacturing,520192.0,1600106.0,,2120298.0,,2120298.0
"Marriott International, Inc.","Bars, hotels & restaurants",1351583.0,5484718.0,1787067.2,6836301.0,2678620.34,8623368.2
Manulife Financial Corp.,Financial services,668040.0,321806.0,14446.0,989846.0,433451.0,1004292.0
Maple Leaf Foods Inc.,Food & beverage processing,120936.0,30549.0,29700.666666666668,151485.0,75572.83333333333,181185.66666666666
Mars,Food & beverage processing,692518.0,1066902.0,3894559.5,1759420.0,1445241.5,5653979.5
"Marsh & McLennan Companies, Inc.",Financial services,28406.96,79500.97,15662.126666666665,107907.93,41186.19633333333,123570.05666666666
"Marvell Technology Group, Ltd.",Electrical & electronic equipment,1821.37,25083.7,1217625.4216666666,26905.07,251960.87933333335,1244530.4916666667
Masco Corporation,Metal products manufacturing,88858.0,47573.0,4824.0,136431.0,59665.700000000004,141255.0
Mastercard Incorporated,Specialized professional services,5300.506666666667,70834.99333333333,99192.402,76135.5,43739.231733333334,175327.902
"Mattel, Inc.",Leisure & home manufacturing,12843.39,183178.65,,196022.03999999998,,196022.03999999998
"McCormick & Company, Incorporated",Food & beverage processing,31830.0,85400.0,246303.6,117230.0,90795.72,363533.6
MDU Resources Group Inc,Construction,,,,0.0,,0.0
McDonald's Corporation,"Bars, hotels & restaurants",114307.0,565195.0,4102807.0,679502.0,1047273.4,4782309.0
S&P Global,Specialized professional services,2990.32,29730.79,33770.0,32721.11,17168.396999999997,66491.11
"Merck & Co., Inc.",Biotech & pharma,783500.0,424600.0,623170.0,1208100.0,643764.0,1831270.0
"MetLife, Inc.",Financial services,16016.0,96467.0,1019311.9485714285,112483.0,240810.48971428574,1131794.9485714287
Metro Inc.,Convenience retail,224769.0,36882.0,42775.075,261651.0,132004.115,304426.075
MGM Resorts International,Entertainment facilities,246147.0,569529.0,339096.625,815676.0,361751.52499999997,1154772.625
Microchip Technology,Electrical & electronic equipment,529371.0,248322.0,3599.0,777693.0,339901.89999999997,781292.0
"Micron Technology, Inc.",Electrical & electronic equipment,2945735.0,2672875.0,734633.0,5618610.0,2421656.6,6353243.0
Microsoft Corporation,IT & software development,90723.0,3000523.0,1621320.0,3091246.0,1269782.4,4712566.0
Molson Coors Brewing Company,Food & beverage processing,436457.0,667174.0,822227.1666666666,1103631.0,582826.1333333333,1925858.1666666665
Moody's Corporation,Specialized professional services,187.66666666666666,17648.5,8950.0,17836.166666666668,7178.383333333333,26786.166666666668
The Mosaic Company,Chemicals,3753783.0,1686656.0,583100.2616666666,5440439.0,2499508.3523333333,6023539.261666667
Morgan Stanley,Financial services,29800.0,209300.0,223852.5,239100.0,122460.5,462952.5
"Nasdaq, Inc",Specialized professional services,0.0,35305.0,16281.0,35305.0,13847.7,51586.0
National Bank of Canada,Financial services,2536.0,3200.0,10215.0,5736.0,4271.0,15951.0
Guidehouse,Specialized professional services,1250.0,4315.0,7497.5,5565.0,3419.0,13062.5
Navistar International Corporation,Transportation equipment,88982.0,125015.0,50000000.0,213997.0,10081995.5,50213997.0
NetApp Inc.,Electrical & electronic equipment,5354.0,96532.0,32807.0,101886.0,38198.0,134693.0
Netgear,Electrical & electronic equipment,342.015,2085.98,35043.0,2427.995,7805.4015,37470.995
Newmont Mining Corporation,Metallic mineral mining,3110597.86,1575997.32,536434.2416666666,4686595.18,2135384.9743333333,5223029.421666666
Newell Brands,Leisure & home manufacturing,12304.86,182655.83,80.0,194960.69,60965.179,195040.69
NIKE Inc.,Textiles & fabric goods,38757.25,264801.5,2499416.0,303558.75,598702.275,2802974.75
NiSource Inc.,Energy utility networks,12580801.0,43669.0,2892254.0,12624470.0,6881952.0,15516724.0
Norfolk Southern Corp.,Rail transport,4930129.64,196154.62,1009331.8133333334,5126284.26,2725777.5686666663,6135616.073333333
"Nordstrom, Inc.",Discretionary retail,51024.0,204888.0,9103.0,255912.0,88799.0,265015.0
Eversource Energy,Energy utility networks,169369.0,642868.0,9829816.0,812237.0,2243508.1,10642053.0
Northrop Grumman Corp,Electrical & electronic equipment,136791.5,393206.75,227902.0,529998.25,231938.175,757900.25
Northland Power Inc,Renewable power generation,1495842.0,,,1495842.0,,1495842.0
Novelis Inc.,"Metal smelting, refining & forming",1097088.0,911216.0,,2008304.0,,2008304.0
NRG Energy Inc,Thermal power generation,49711181.0,189000.0,6900.0,49900181.0,24913670.5,49907081.0
NVIDIA Corporation,Electrical & electronic equipment,2671.0,64940.0,61104.28571428572,67611.0,33038.357142857145,128715.28571428571
Occidental Petroleum Corporation,Oil & gas extraction & production,10370000.0,4100000.0,35500000.0,14470000.0,13515000.0,49970000.0
OGE Energy Corp.,Thermal power generation,14129995.0,170973.0,,14300968.0,,14300968.0
Oneok Inc.,Oil & gas storage & transportation,2650000.0,,58100000.0,2650000.0,,60750000.0
Omnicom Group Inc.,Web & marketing services,30614.0,65407.0,144103.0,96021.0,63749.7,240124.0
ON Semiconductor,Electrical & electronic equipment,1470613.0,676050.0,,2146663.0,,2146663.0
Oracle Corporation,IT & software development,17084.0,489917.0,196227.55555555556,507001.0,194762.61111111112,703228.5555555555
Ormat Technologies Inc,Renewable power generation,27679.14,6060.38,,33739.52,,33739.52
"OSMOSE UTILITIES SERVICES, INC",Energy utility networks,,,,0.0,,0.0
Owens Corning,Other materials,2758402.5,1539822.75,432464.55333333334,4298225.25,1927640.9856666666,4730689.803333334
PACCAR Inc,Transportation equipment,121123.0,171594.0,14624244.666666666,292717.0,3036888.633333334,14916961.666666666
Reynolds Consumer Products,Light manufacturing,,,,0.0,,0.0
Parker-Hannifin Corporation,Powered machinery,76695.0,481362.0,72644.33333333333,558057.0,197284.96666666667,630701.3333333334
"PerkinElmer, Inc.",Medical equipment & supplies,12751.0,19197.0,14833.0,31948.0,15101.199999999999,46781.0
"PepsiCo, Inc.",Food & beverage processing,3577266.0,1629973.0,4832152.307692308,5207239.0,3244055.3615384614,10039391.307692308
PG&E Corporation,Thermal power generation,4115621.0,816018.0,7384296.333333333,4931639.0,3779475.1666666665,12315935.333333332
Pfizer Inc.,Biotech & pharma,772901.0,889738.5,368055.5,1662639.5,726983.15,2030695.0
Philip Morris International,Tobacco,408162.0,422337.0,491976.3,830499.0,429177.36,1322475.3
Pinnacle West Capital Corporation,Thermal power generation,12008503.0,13940.0,1252976.8333333333,12022443.0,6259028.866666666,13275419.833333334
Pitney Bowes Inc.,Electrical & electronic equipment,28660.0,47924.0,7654.5,76584.0,30238.1,84238.5
"PNC Financial Services Group, Inc.",Financial services,35299.0,214097.0,16614.125,249396.0,85201.425,266010.125
Plexus,Electrical & electronic equipment,3693.0,95358.0,,99051.0,,99051.0
Ralph Lauren Corporation,Discretionary retail,,,,0.0,,0.0
"PPG Industries, Inc.",Chemicals,410000.0,520000.0,,930000.0,,930000.0
PPL Corporation,Thermal power generation,29380243.5,441331.5,571748.8925,29821575.0,14936870.9785,30393323.8925
Power Corporation of Canada,Financial services,22999.0,31025.0,23391.833333333332,54024.0,25485.36666666667,77415.83333333333
Power Financial Corporation,Financial services,16618.0,31014.0,23776.333333333332,47632.0,22368.466666666664,71408.33333333333
Linde PLC,Chemicals,8325000.0,12967000.0,704750.0,21292000.0,8193550.0,21996750.0
Precision Valve Corporation,Metal products manufacturing,1569.43,34185.6,,35755.03,,35755.03
"Principal Financial Group, Inc.",Financial services,6867.0,36583.0,6426.0,43450.0,15693.6,49876.0
Procter & Gamble Company,Chemicals,2137895.0,2598621.0,21017535.3,4736516.0,6052040.86,25754051.3
Prologis,Financial services,2737.0,3562.3333333333335,766168.8333333334,6299.333333333334,155670.9666666667,772468.1666666667
Public Service Enterprise Group Inc.,Thermal power generation,13684640.0,965720.0,2643206.0,14650360.0,7660677.2,17293566.0
Public Storage,Financial services,11819.506666666666,106805.61333333334,,118625.12000000001,,118625.12000000001
"Prudential Financial, Inc.",Financial services,14311.0,58206.0,42712.0,72517.0,33159.7,115229.0
Quebecor Inc.,"Media, telecommunications & data center services",13823.9,147.02,267.33,13970.92,7009.522,14238.25
QUALCOMM Inc.,Electrical & electronic equipment,76092.0,130390.0,55626.0,206482.0,88288.2,262108.0
Quest Diagnostics Incorporated,Health care provision,91585.0,124895.5,15763.666666666666,216480.5,86413.88333333333,232244.16666666666
Raytheon Company,Electrical & electronic equipment,89311.0,316524.0,68319.6,405835.0,153276.62000000002,474154.6
Regions Financial Corporation,Financial services,5781.75,113567.5,9095.0,119349.25,38780.125,128444.25
REGAL BELOIT,Electrical & electronic equipment,5854.9875,260154.025,,266009.0125,,266009.0125
"Republic Services, Inc.",Non-energy utilities,13199147.0,301468.0,366645.44444444444,13500615.0,6763342.98888889,13867260.444444444
BlackBerry Limited,IT & software development,4283.22,3722.57,2355.8199999999997,8005.790000000001,3729.545,10361.61
MSCI,Specialized professional services,659.77,10040.53,2313.27,10700.300000000001,3804.698,13013.570000000002
Robert Half International Inc.,Commercial & consumer services,,15466.560000000001,19180.74,15466.560000000001,,34647.3
Rockwell Automation,Electrical & electronic equipment,33912.0,91688.0,0.0,125600.0,44462.399999999994,125600.0
Rogers Communications Inc.,"Media, telecommunications & data center services",34419.0,133160.0,17291.5,167579.0,60615.8,184870.5
Royal Caribbean Cruises Ltd,Marine transport,4373276.75,11064.75,1062.0,4384341.5,2190170.1999999997,4385403.5
Royal Bank of Canada,Financial services,24430.0,92065.0,210354.33333333334,116495.0,81905.36666666667,326849.3333333334
"Ryder System, Inc.","Trading, wholesale, distribution, rental & leasing",749903.0,118889.0,1186381.0,868792.0,647894.4,2055173.0
"Safeguard Properties, LLC",Financial services,,,,0.0,,0.0
"Salesforce.com, Inc.",IT & software development,4701.0,280961.0,92630.6,285662.0,105164.92000000001,378292.6
Saputo Inc.,Food & beverage processing,500133.0,500067.0,12194179.76,1000200.0,2838922.552,13194379.76
Sealed Air Corp.,Plastic product manufacturing,134130.0,389153.0,887946.25,523283.0,361400.15,1411229.25
SEI Investments Company,Financial services,,,,0.0,,0.0
Sempra Energy,Thermal power generation,6020406.0,481159.0,12998219.0,6501565.0,5754194.5,19499784.0
ShawCor Ltd.,Industrial support services,64987.0,42361.0,,107348.0,,107348.0
Sherwin-Williams Company,Chemicals,482017.0,327180.0,1564174.6,809197.0,651997.42,2373371.6
Wheaton Precious Metals,Financial services,0.0,25.93,140.195,25.93,35.818,166.125
Simon Property Group,Financial services,19037.5,290925.0,147847.75,309962.5,126365.8,457810.25
SNC-Lavalin Group Inc.,Construction,63176.740000000005,34373.03,40181.71,97549.77,49936.621,137731.48
SMART Modular Technologies,Electrical & electronic equipment,159.055,5571.11,,5730.165,,5730.165
Southwest Airlines Co.,Air transport,20537710.0,46972.0,98066.66666666667,20584682.0,10302559.933333334,20682748.666666668
SOUTHWIRE CO.,Electrical & electronic equipment,105782.0,290514.5,508265.54545454547,396296.5,241698.45909090908,904562.0454545454
Starbucks Corporation,"Bars, hotels & restaurants",319567.78,803984.18,2307893.152,1123551.96,862557.7744,3431445.1119999997
Star of the West,Food & beverage processing,2624.69,24607.45,8311.58,27232.14,10356.896,35543.72
"Stanley Black & Decker, Inc.",Metal products manufacturing,109159.0,361575.0,844640.5,470734.0,331980.1,1315374.5
Stantec Inc.,Specialized professional services,10333.0,37810.0,9773.0,48143.0,18464.1,57916.0
State Street Corporation,Financial services,9595.75,90517.0,34800.6,100112.75,38913.095,134913.35
Steelcase,Leisure & home manufacturing,48924.15,76218.89,88835.17888888888,125143.04000000001,65094.77777777778,213978.2188888889
Stryker Corporation,Medical equipment & supplies,27840.0,70014.0,61319.0,97854.0,47188.0,159173.0
Sun Life Financial Inc.,Financial services,29788.0,61638.0,6508.0,91426.0,34686.99999999999,97934.0
Suncor Energy Inc.,Oil & gas processing,20576955.0,1553252.0,308567.8,22130207.0,10816166.66,22438774.8
Symantec Corporation,IT & software development,3506.0,59746.0,33956.72727272727,63252.0,26468.145454545454,97208.72727272726
Sysco Corporation,"Trading, wholesale, distribution, rental & leasing",1138283.0,317849.0,14629.0,1456132.0,667422.0,1470761.0
"T. Rowe Price Associates, Inc.",Financial services,2153.91,30803.15,2628.7400000000002,32957.06,10843.648,35585.799999999996
Target Corporation,Convenience retail,755484.0,2162064.0,7127272.7272727275,2917548.0,2451815.7454545456,10044820.727272727
Teknion Limited,Leisure & home manufacturing,10339.0,4351.0,8906.6,14690.0,8256.12,23596.6
Teradata Corp.,IT & software development,275.3333333333333,19345.0,,19620.333333333332,,19620.333333333332
Telus Corporation,"Media, telecommunications & data center services",64861.0,264363.0,6866.666666666667,329224.0,113112.73333333332,336090.6666666667
Teradyne Inc.,Electrical & electronic equipment,1979.0,28333.0,4159.5,30312.0,10321.3,34471.5
Terex Corporation,Powered machinery,43261.0,43141.0,,86402.0,,86402.0
Textron Inc.,Transportation equipment,205744.0,478886.0,33281.5,684630.0,253194.09999999998,717911.5
Texas Instruments Incorporated,Electrical & electronic equipment,1157555.0,1099587.0,31719.0,2257142.0,914997.4,2288861.0
The Hershey Company,Food & beverage processing,114067.0,195886.0,66053.25,309953.0,129009.94999999998,376006.25
The Southern Company,Thermal power generation,102232275.0,2832305.92,37299499.0,105064580.92,59425729.076000005,142364079.92000002
Thermo Fisher Scientific Inc.,Medical equipment & supplies,147521.62,690767.33,105992.26000000001,838288.95,302189.46099999995,944281.21
Thomson Reuters Corporation,Specialized professional services,5632.0,95751.0,55003.125,101383.0,42541.925,156386.125
Tiffany & Co.,Discretionary retail,3151.0,41420.0,57333.333333333336,44571.0,25468.166666666668,101904.33333333334
"TJX Companies, Inc.",Discretionary retail,109302.0,673581.0,40150.0,782883.0,264755.3,823033.0
TD Bank Group,Financial services,53270.0,119205.0,158338.4,172475.0,94064.18,330813.4
Total System Services (TSYS),Specialized professional services,690.0,28919.63,3381.0550000000003,29609.63,9697.099999999999,32990.685
Tower Labs,Biotech & pharma,1406.0,1962.0,,3368.0,,3368.0
TC Energy,Oil & gas storage & transportation,13445443.0,467943.0,654204.25,13913386.0,6993945.25,14567590.25
Transcontinental Inc.,Print & publishing services,71917.0,78806.0,115.0,150723.0,59623.3,150838.0
TransAlta Corporation,Thermal power generation,26926691.333333332,208508.0,654559.0,27135199.333333332,13656809.866666667,27789758.333333332
"The Travelers Companies, Inc.",Financial services,25591.0,29880.0,18584.0,55471.0,25476.3,74055.0
United Airlines Holdings,Air transport,33273067.0,193476.0,2969219.1428571427,33466543.0,17288420.12857143,36435762.14285714
"Tyson Foods, Inc.",Food & beverage processing,3496310.0,2727269.0,,6223579.0,,6223579.0
Johnson Controls International PLC,Electrical & electronic equipment,1032520.0,1315071.0,3091911.111111111,2347591.0,1529163.5222222223,5439502.111111111
U.S. Bancorp,Financial services,59181.0,287193.5,28621.333333333332,346374.5,121472.81666666667,374995.8333333333
Unigen,Electrical & electronic equipment,0.0,0.0,,0.0,,0.0
Unisys Corporation,IT & software development,1606.0,50135.0,8613.0,51741.0,17566.1,60354.0
Union Pacific Corporation,Rail transport,11279681.31,460445.0,692872.5714285715,11740126.31,5916548.669285715,12432998.881428571
UnitedHealth Group Inc,,13924.0,157029.0,75352.25,170953.0,69141.15,246305.25
United Technologies Corporation,Electrical & electronic equipment,796383.0,994400.0,43432331.88888889,1790783.0,9382977.877777778,45223114.88888889
UPS,Intermodal transport & logistics,13851000.0,784000.0,2420333.3333333335,14635000.0,7644766.666666667,17055333.333333332
Unum Group,Financial services,6718.0,17537.0,13493.559999999998,24255.0,11318.811999999998,37748.56
Vander Bend,Metal products manufacturing,0.0,,,0.0,,0.0
Viacom Inc.,"Media, telecommunications & data center services",10146.710000000001,39491.13,17458.04,49637.84,20412.302,67095.88
Vermilion Energy Inc.,Oil & gas extraction & production,742175.0,161312.0,1240596.0,903487.0,667600.3,2144083.0
Verizon Communications Inc.,"Media, telecommunications & data center services",385241.0,4033579.0,98188.0,4418820.0,1422331.8,4517008.0
Virtusa,IT & software development,244.43000000000004,17784.44,9752.225,18028.87,7407.992,27781.095
Visteon,Electrical & electronic equipment,1357.0,40977.0,10402.0,42334.0,15052.0,52736.0
Avantor,Medical equipment & supplies,15932.0,33276.0,,49208.0,,49208.0
Vulcan Materials Company,Other materials,588921.0,362248.0,,951169.0,,951169.0
Walt Disney Company,"Media, telecommunications & data center services",897523.0,1027874.0,7410.0,1925397.0,758605.7,1932807.0
Walgreens Boots Alliance,Convenience retail,394000.0,1751000.0,60000.0,2145000.0,734300.0,2205000.0
"Walmart, Inc.",Convenience retail,6101641.0,13057352.0,16770401.0,19158993.0,10322106.3,35929394.0
"Waste Management, Inc.",Non-energy utilities,16272144.0,246091.0,1245048.24,16518235.0,8458908.947999999,17763283.24
Waters Corporation,Medical equipment & supplies,12311.0,14789.0,92811.33333333333,27100.0,29154.466666666667,119911.33333333333
Wells Fargo & Company,Financial services,95316.0,833204.0,630300.3333333334,928520.0,423679.2666666666,1558820.3333333335
Wesco International,"Trading, wholesale, distribution, rental & leasing",38772.6,20009.4,,58782.0,,58782.0
Anthem Inc,Financial services,7722.25,118371.0,57576.0,126093.25,50887.625,183669.25
Weyerhaeuser Company,Wood & paper materials,465000.0,730000.0,,1195000.0,,1195000.0
"Williams Companies, Inc.",Oil & gas storage & transportation,10480000.0,1096000.0,,11576000.0,,11576000.0
WEC Energy Group,Thermal power generation,27029000.0,75000.0,16043500.0,27104000.0,16745700.0,43147500.0
World Bank Group,International bodies,10276.546666666667,55080.316666666666,66644.8,65356.863333333335,34991.32833333333,132001.66333333333
WORLD WIDE TECHNOLOGY HOLDING COMPANY,"Media, telecommunications & data center services",50.9,10807.7,10758.245,10858.6,5419.409,21616.845
Xerox Corporation,Electrical & electronic equipment,90939.0,60938.0,29469.4,151877.0,69644.78,181346.4
Xcel Energy Inc.,Thermal power generation,47234704.0,711302.0,2793984.6666666665,47946006.0,24389539.533333335,50739990.666666664
WSP,Specialized professional services,24885.0,29076.0,32539.0,53961.0,27673.1,86500.0
"Wyndham Destinations, Inc.","Bars, hotels & restaurants",50564.0,148385.0,7080.0,198949.0,71213.5,206029.0
Yamana Gold Inc.,Metallic mineral mining,279422.94,118027.43,,397450.37,,397450.37
"Yum! Brands, Inc.","Bars, hotels & restaurants",48046.5,155439.22,4823644.5,203485.72,1035383.916,5027130.22
"Zimmer Biomet Holdings, Inc.",Medical equipment & supplies,14552.0,135493.0,4901.5,150045.0,48904.200000000004,154946.5
Chubb Limited,Financial services,26048.0,47190.0,18028.285714285714,73238.0,30786.657142857144,91266.28571428571
Lenovo Group,Electrical & electronic equipment,6031.0,201321.0,1756124.4444444445,207352.0,414636.6888888889,1963476.4444444445
Teck Resources Limited,Coal mining,2607805.33,288665.71,6727871.583333333,2896471.04,2736076.694666667,9624342.623333333
NuVista Energy,Oil & gas extraction & production,264713.0,32218.0,,296931.0,,296931.0
T Mobile USA inc,"Media, telecommunications & data center services",36127.0,1243000.0,360130.0,1279127.0,462989.5,1639257.0
The J.M. Smucker Company,Food & beverage processing,206470.0,253310.0,,459780.0,,459780.0
jcpenney,Discretionary retail,69938.89,545674.52,42146.4,615613.41,207101.081,657759.81
"Interpublic Group of Companies, Inc.",Web & marketing services,2421.85,26426.25,59842.0,28848.1,21107.2,88690.1
Xilinx Inc,Electrical & electronic equipment,1663.0,23103.0,,24766.0,,24766.0
"W.W. Grainger, Inc.","Trading, wholesale, distribution, rental & leasing",37447.0,90805.0,2869323.222222222,128252.0,619829.6444444444,2997575.222222222
Western Digital Corp,Electrical & electronic equipment,46269.3,1110284.6,18131.24,1156553.9000000001,359846.27800000005,1174685.1400000001
Visa,Specialized professional services,9165.0,92519.0,38692.666666666664,101684.0,40076.73333333334,140376.66666666666
VF Corporation,Apparel design,72825.0,160423.0,632092.0833333334,233248.0,210957.81666666668,865340.0833333334
Ventas Inc,Financial services,96941.8,340168.2,67704.66666666667,437110.0,164062.29333333333,504814.6666666667
Varian Medical Systems Inc,Medical equipment & supplies,21486.0,12466.0,52367.181818181816,33952.0,24956.236363636363,86319.18181818182
Bemis Company,Chemicals,186866.0,528769.0,,715635.0,,715635.0
Hormel Foods,Food & beverage processing,979288.0,531649.0,,1510937.0,,1510937.0
Welltower Inc.,Financial services,119859.0,350901.0,83536.83333333333,470760.0,181907.16666666666,554296.8333333334
"Healthpeak Properties, Inc.",Financial services,54260.0,224905.77,18482.416,279165.77,98298.2142,297648.18600000005
FMC Corp,Chemicals,173308.0,113791.0,105185.0,287099.0,141828.3,392284.0
Corning Incorporated,Metal products manufacturing,593561.0,1815321.0,,2408882.0,,2408882.0
Avnet Inc.,"Trading, wholesale, distribution, rental & leasing",5233.0,54409.0,,59642.0,,59642.0
Avis Budget Group,"Trading, wholesale, distribution, rental & leasing",6827371.0,45043.0,1044.0,6872414.0,3427407.1999999997,6873458.0
Charles Komar & Sons,Textiles & fabric goods,949.59,5912.59,24148.495,6862.18,7078.271,31010.675
Cousin Corporation of America,Leisure & home manufacturing,5.0,326.0,,331.0,,331.0
Sonoco Products Company,Plastic product manufacturing,548843.0,623891.0,347997.7,1172734.0,531188.34,1520731.7
Rockline Industries,"Trading, wholesale, distribution, rental & leasing",7657.0,22054.0,29235.0,29711.0,16291.7,58946.0
"All Access Apparel, Inc.",Apparel design,3.84,173.31,335.25,177.15,120.963,512.4
Herman Miller,Leisure & home manufacturing,26700.0,59500.0,15430.0,86200.0,34286.0,101630.0
Horizon Group USA,Paper products & packaging,475.0,811.5,1111.7566666666667,1286.5,703.3013333333333,2398.2566666666667
Tecomet,Medical equipment & supplies,49947.0,921.0,,50868.0,,50868.0
Packaging Corporation Of America,Paper products & packaging,1685026.3333333333,1334989.0,67609.75,3020015.333333333,1256531.8166666667,3087625.083333333
West Pharmaceutical Services,Medical equipment & supplies,28633.0,,20873.0,28633.0,,49506.0
Stephen Gould Corp,Light manufacturing,,,,0.0,,0.0
CABOT MICROELECTRONICS CORP,Chemicals,2385.0,,,2385.0,,2385.0
GW Plastics,Plastic product manufacturing,149.0,9349.5,,9498.5,,9498.5
Tessy Plastics,Plastic product manufacturing,2693.69,10043.86,902.3916666666665,12737.550000000001,4540.481333333333,13639.941666666668
BANCKER ELECTRIC,Construction,,,,0.0,,0.0
DAVEY TREE EXPERT,Energy utility networks,67.0,,,67.0,,67.0
"Itron, Inc.",Electrical & electronic equipment,3445.0,,,3445.0,,3445.0
Golden State Foods,"Trading, wholesale, distribution, rental & leasing",40859.93,52440.92,,93300.85,,93300.85
Syniverse,"Media, telecommunications & data center services",6.79,4137.19,3215.74,4143.98,1887.6999999999998,7359.719999999999
Celanese Corporation,Chemicals,1812864.0,730365.0,,2543229.0,,2543229.0
Accurate Box,Paper products & packaging,2823.0,4332.0,,7155.0,,7155.0
Curtis Packaging Corporation,Paper products & packaging,,,,0.0,,0.0
"Synopsys, Inc.",IT & software development,4665.5,38554.66,8544.84,43220.16,15608.116000000002,51765.0
Milestone AV Technologies,Metal products manufacturing,2423.0,5784.0,4790.5,8207.0,3904.7999999999997,12997.5
Ernst & Young LLP (USA),Specialized professional services,93.7,43615.0,217726.0,43708.7,56676.55,261434.7
Golding Farms Foods,Food & beverage processing,690.0,598.0,,1288.0,,1288.0
Nanjing Usa,Apparel design,67.74,616.02,,683.76,,683.76
Land N Sea Inc,Textiles & fabric goods,301.85,499.1,,800.95,,800.95
Garan Manufacturing Corp,Textiles & fabric goods,519.17,3962.07,,4481.24,,4481.24
Jjs Mae Inc Dba Rainbeau,Textiles & fabric goods,,,,0.0,,0.0
Evenflo Company Inc,Leisure & home manufacturing,,21256.0,,21256.0,,21256.0
Hanesbrands Inc.,Textiles & fabric goods,106842.0,183733.0,391475.54545454547,290575.0,186836.0090909091,682050.5454545454
Silgan Plastics,Plastic product manufacturing,7725.5,181884.0,21.15,189609.5,58432.18,189630.65
Iron Mountain Inc.,IT & software development,148658.25,213827.25,3763.4619999999995,362485.5,139229.9924,366248.962
"DW Morgan, LLC",Intermodal transport & logistics,2527.3,,,2527.3,,2527.3
E S Originals Inc,Textiles & fabric goods,,,,0.0,,0.0
Epic Designers,Textiles & fabric goods,17280.399999999998,5801.0,1857812.474285714,23081.399999999998,381942.99485714285,1880893.874285714
Fashion Avenue Knits Inc,Textiles & fabric goods,,,,0.0,,0.0
Guangdong Textiles,"Trading, wholesale, distribution, rental & leasing",0.0,,,0.0,,0.0
Olaes Enterprises,Textiles & fabric goods,,,,0.0,,0.0
S P L Industries Limited,Textiles & fabric goods,,,,0.0,,0.0
Valmont Inc,Metal products manufacturing,,,,0.0,,0.0
US Cotton,Textiles & fabric goods,2806.0,34023.0,10928323.0,36829.0,2197274.5,10965152.0
Crown Prince,Food & beverage processing,2.18,43.74,366.78999999999996,45.92,87.57,412.71
UNFI,"Trading, wholesale, distribution, rental & leasing",191706.0,50524.0,1135075.0,242230.0,338025.2,1377305.0
CenturyLink,"Media, telecommunications & data center services",286602.9,1975165.0600000003,167577.22,2261767.9600000004,769366.4120000001,2429345.1800000006
Alaska Air Group,Air transport,7751255.0,10744.0,,7761999.0,,7761999.0
"J.B. Hunt Transport Services, Inc.",Intermodal transport & logistics,1635150.0,23245.0,1512749.3333333333,1658395.0,1127098.3666666667,3171144.333333333
Capital Power Corporation,Thermal power generation,11068493.0,7354.0,226193.34714285712,11075847.0,5581691.369428571,11302040.347142857
Detour Gold Corporation,Metallic mineral mining,233889.0,29872.5,10000.0,263761.5,127906.25,273761.5
Gran Tierra Energy Inc.,Oil & gas extraction & production,594748.83,,,594748.83,,594748.83
MEG Energy Corp.,Oil & gas extraction & production,2140537.0,22.0,6503.4,2140559.0,1071575.78,2147062.4
Kimball Electronics,Electrical & electronic equipment,1323.35,50571.0,1351.28,51894.35,16103.230999999998,53245.63
American Water Works,Non-energy utilities,67146.0,541263.0,,608409.0,,608409.0
Motorola Solutions,Electrical & electronic equipment,15291.0,74647.0,269714.28571428574,89938.0,83982.45714285715,359652.28571428574
"Integrated Device Technology, Inc.",Electrical & electronic equipment,597.0,14679.0,1106.395,15276.0,4923.478999999999,16382.395
Charleston Metal Products,Metal products manufacturing,,,,0.0,,0.0
Contact Technologies,Electrical & electronic equipment,,,,0.0,,0.0
"Modern Machine & Metal Fabricators, Inc.",Metal products manufacturing,,,,0.0,,0.0
Revere Copper,"Metal smelting, refining & forming",24899.0,24899.0,,49798.0,,49798.0
Service Steel Div. / Van Pelt Corp.,"Trading, wholesale, distribution, rental & leasing",,,,0.0,,0.0
Zatkoff Seals and Packing,Light manufacturing,599.96,447.81,261.865,1047.77,486.69599999999997,1309.635
"3SI Security Systems, Inc.",Commercial & consumer services,0.0,,,0.0,,0.0
"Central Business Forms, Inc",Paper products & packaging,37.0,32.0,7.0,69.0,29.5,76.0
CleanNet USA,Commercial & consumer services,0.0,,,0.0,,0.0
"EQUINIX, INC.","Media, telecommunications & data center services",46686.0,1916407.0,395344.5,1963093.0,677334.0,2358437.5
Hamilton Safe Company,Metal products manufacturing,4200.0,,4000.0,4200.0,,8200.0
"Harvard Maintenance, Inc.",Commercial & consumer services,283.6,1482.2,432.82,1765.8000000000002,673.024,2198.6200000000003
Hyatt Hotels,"Bars, hotels & restaurants",283766.0,1309478.0,418707.0,1593244.0,618467.7999999999,2011951.0
"SKC Communication Products, LLC","Media, telecommunications & data center services",,,,0.0,,0.0
Cumberland Packing Corp,Food & beverage processing,180.0,251.0,3312.6666666666665,431.0,827.8333333333333,3743.6666666666665
Harris Tea Company,Food & beverage processing,119.0,2654.0,3421.0,2773.0,1539.9,6194.0
"Knouse Foods, Inc",Crop farming,32894.03,21211.49,,54105.520000000004,,54105.520000000004
Kruger Products Inc,Wood & paper materials,218365.0,119240.0,,337605.0,,337605.0
"Lnk International, Inc.",Biotech & pharma,,,,0.0,,0.0
"Mario Camacho Foods, Llc",Food & beverage processing,4.5,923.0,9575.833333333334,927.5,2194.316666666667,10503.333333333334
"Norpac Foods, Inc.",Food & beverage processing,,,,0.0,,0.0
Perfection Bakeries Inc.,Food & beverage processing,22558.0,23206.0,13452.25,45764.0,20931.25,59216.25
"Premio Foods, Inc.",Food & beverage processing,,,,0.0,,0.0
ADTRAN INC,Electrical & electronic equipment,60.0,21991.0,3858.3333333333335,22051.0,7398.966666666667,25909.333333333332
BECK GROUP - HC BECK,Construction,1553.73,5886.19,139367.75333333333,7439.92,30416.272666666664,146807.67333333334
CALIENTE CONSTRUCTION INC,Other services,,,,0.0,,0.0
DG3 NORTH AMERICA INC,Print & publishing services,910.0,4857.17,,5767.17,,5767.17
Ribbon,Electrical & electronic equipment,462.7,13090.0,1863.5,13552.7,4531.05,15416.2
"GROUP O, INC","Media, telecommunications & data center services",,5245.5,,5245.5,,5245.5
Insight Global,Specialized professional services,,,,0.0,,0.0
LINK AMERICA INC,Intermodal transport & logistics,62.25,,,62.25,,62.25
MARKET STRATEGIES INC,Commercial & consumer services,,,,0.0,,0.0
MILLENNIUM TECHNICAL SERVICES,"Media, telecommunications & data center services",0.0,,,0.0,,0.0
RCS SYSTEMS INC,Leisure & home manufacturing,782.0,752.5,,1534.5,,1534.5
SMUD,Thermal power generation,1858250.0,49929.0,110666.28571428571,1908179.0,966236.9571428571,2018845.2857142857
SUN TECHNOLOGIES INC,Specialized professional services,,,,0.0,,0.0
TECHNOLOGY INTEGRATION GROUP,"Trading, wholesale, distribution, rental & leasing",,,,0.0,,0.0
"exp U.S. Services, Inc",Specialized professional services,0.0,,,0.0,,0.0
Kohler Co.,Leisure & home manufacturing,431991.0,427909.0,,859900.0,,859900.0
US Foods,"Trading, wholesale, distribution, rental & leasing",586799.13,178996.65,4238.72,765795.78,347946.304,770034.5
"HARVEST LAND CO-OP, INC.",Crop farming,,,,0.0,,0.0
CREE INC.,Electrical & electronic equipment,255500.0,172376.0,31435616.714285713,427876.0,6466586.142857143,31863492.714285713
Dakkota,Transportation equipment,22006.0,5068.0,,27074.0,,27074.0
Cooper Standard Automotive,Transportation equipment,83571.0,307029.0,,390600.0,,390600.0
Innospec Inc.,Chemicals,53299.0,32477.0,15413.0,85776.0,39475.2,101189.0
Norwood Medical,Metal products manufacturing,489.0,28026.0,,28515.0,,28515.0
KC Transportation,Intermodal transport & logistics,,,,0.0,,0.0
Martinrea International Inc.,Metal products manufacturing,,,,0.0,,0.0
Neapco,Powered machinery,,,,0.0,,0.0
Piston Automotive,Transportation equipment,0.0,,10257.183333333332,0.0,,10257.183333333332
TTR Transport,Road transport,30930.790000000005,,268969.198,30930.790000000005,,299899.98799999995
SEMTECH,Electrical & electronic equipment,105.5,126.5,103.0,232.0,111.29999999999998,335.0
KEMET Corporation,Electrical & electronic equipment,24522.65,211533.94,,236056.59,,236056.59
PolyOne,Chemicals,22485.59,250214.95,48370.75,272700.54000000004,95981.43,321071.29000000004
Univar Solutions,"Trading, wholesale, distribution, rental & leasing",96250.0,26923.5,,123173.5,,123173.5
Shason Inc.,"Trading, wholesale, distribution, rental & leasing",,,,0.0,,0.0
Hollander Home Fashions,Plastic product manufacturing,,,,0.0,,0.0
Pacific Market International,Discretionary retail,11.25,928.6,11665.6,939.85,2617.3250000000003,12605.45
Schawk Inc,Web & marketing services,723.39,4562.18,,5285.570000000001,,5285.570000000001
CY Top,Metal products manufacturing,6000.0,6000.0,,12000.0,,12000.0
Jiangyin Shule,Textiles & fabric goods,614.5,,,614.5,,614.5
MCS,Leisure & home manufacturing,,,,0.0,,0.0
"Davies Office Refurbishing, Inc.",Leisure & home manufacturing,920.0,224.0,,1144.0,,1144.0
"Kimball International, Inc.",Leisure & home manufacturing,5406.505,22676.635,642.04,28083.14,9634.650999999998,28725.18
National Office Furniture,Leisure & home manufacturing,3725.34,20073.28,1110.78,23798.62,8106.8099999999995,24909.399999999998
Bernhardt Design a Division of Bernhardt Furniture Company,Leisure & home manufacturing,697.0,3191.0,,3888.0,,3888.0
Actiontec Electronics,Electrical & electronic equipment,,277.0,1505.315,277.0,,1782.315
Allseating Corporation,Leisure & home manufacturing,307.7,107.16,,414.86,,414.86
HNI Corporation,Leisure & home manufacturing,57119.0,81959.0,90591.42857142857,139078.0,71265.4857142857,229669.42857142858
"Krueger International, Inc",Leisure & home manufacturing,13194.74,11967.29,,25162.03,,25162.03
Bel Fuse Inc.,Metal products manufacturing,1052.39,20945.0,,21997.39,,21997.39
Inscape Corporation,Leisure & home manufacturing,3157.5,477.5,,3635.0,,3635.0
Edwards Lifesciences Corp,Health care provision,8763.5,27597.0,23602.0,36360.5,17381.25,59962.5
Tourmaline Oil Corp,Oil & gas extraction & production,1440428.0,245073.5,,1685501.5,,1685501.5
Xylem Inc,Powered machinery,42579.049999999996,58325.815,374653.6666666667,100904.86499999999,113718.00283333333,475558.5316666667
"VMware, Inc",IT & software development,4454.0,67524.0,47265.34,71978.0,31937.268,119243.34
ENGIE Impact,Specialized professional services,90.74,920.0,817.35,1010.74,484.84000000000003,1828.0900000000001
Trans-Expedite Inc.,Intermodal transport & logistics,876.86,,876.86,876.86,,1753.72
Trendway Corporation,Leisure & home manufacturing,2830.77,3030.33,479.8833333333334,5861.1,2420.460666666667,6340.983333333334
CHALLENGER BRASS & COPPER,Metal products manufacturing,91472.0,,,91472.0,,91472.0
Trinseo LLC,Wood & rubber products,245642.0,816324.0,1269153.0,1061966.0,621548.7999999999,2331119.0
Tennant Company,Powered machinery,25231.100000000002,13794.4,103468.0,39025.5,37447.47,142493.5
ALLEGIS GROUP SAS,Specialized professional services,,,,0.0,,0.0
CITY BREWING COMPANY LLC,Food & beverage processing,7515.0,,,7515.0,,7515.0
Bright International Corp.,Chemicals,120.0,882.0,1805.375,1002.0,685.675,2807.375
KOBO PRODUCTS,Health care provision,513.0,1407.0,32.0,1920.0,684.9999999999999,1952.0
BWAY Corporation,Metal products manufacturing,,,,0.0,,0.0
Aurora Corp of America,Electrical & electronic equipment,,,,0.0,,0.0
"Bradshaw International, Inc.","Trading, wholesale, distribution, rental & leasing",,,,0.0,,0.0
"BRADFORD SOAP WORKS, INC.",Chemicals,,,,0.0,,0.0
Bumble Bee Foods LLC,Fish & animal farming,20557.0,7013.0,,27570.0,,27570.0
"The Hain Celestial Group, Inc.",Food & beverage processing,36100.0,66899.0,,102999.0,,102999.0
Chroma,Light manufacturing,,,,0.0,,0.0
CRC INDUSTRIES INC,Chemicals,1015.0,1015.0,,2030.0,,2030.0
Paris Presents LTD,"Trading, wholesale, distribution, rental & leasing",0.0,427.3,1257.6,427.3,379.71,1684.8999999999999
PEKING HANDICRAFT INC,Textiles & fabric goods,13.48,72.74,580.99,86.22,144.76,667.21
Roskam Baking Company/Rothbury Farms,Food & beverage processing,27653.0,,,27653.0,,27653.0
Greensource,Textiles & fabric goods,,,,0.0,,0.0
"Technical Consumer Products, Inc",Electrical & electronic equipment,230000.0,,200000.0,230000.0,,430000.0
Town & Country Linen,Textiles & fabric goods,,,,0.0,,0.0
"Tri-Union Frozen Products, Inc.",Fish & animal farming,,,,0.0,,0.0
"Tree Top, Inc.",Food & beverage processing,58296.0,18095.0,7243.5,76391.0,36025.2,83634.5
"YUPPIE PUPPY PET PRODUCTS, INC",Leisure & home manufacturing,,,,0.0,,0.0
Moody Dunbar Inc,Food & beverage processing,5062.5,4685.0,935.8333333333334,9747.5,4123.916666666667,10683.333333333334
Multipet International,Leisure & home manufacturing,0.0,,,0.0,,0.0
Icon Health & Fitness Inc,Specialized professional services,,,,0.0,,0.0
INDULGENT FOODS,"Trading, wholesale, distribution, rental & leasing",,,,0.0,,0.0
"Interstate Meat Dist., Inc.",Food & beverage processing,,,,0.0,,0.0
J M Farms,Crop farming,7715.0199999999995,5988.82,,13703.84,,13703.84
J W Mfg,Leisure & home manufacturing,,,,0.0,,0.0
JIMCO LAMP & MANUFACTURING CO,Leisure & home manufacturing,,,,0.0,,0.0
Alliance Data Systems,Financial services,2331.0,40091.0,19074.6,42422.0,17007.72,61496.6
"Essential Utilities, Inc",Non-energy utilities,16304.0,41581.0,30156.0,57885.0,26657.5,88041.0
"Cadence Design Systems, Inc.",IT & software development,,,,0.0,,0.0
Charles River Laboratories International Inc.,Biotech & pharma,75797.4,73113.0,16225.507142857143,148910.4,63077.70142857142,165135.90714285715
Digital Realty Trust Inc,Financial services,25544.0,2770386.0,200645.43,2795930.0,884016.8859999999,2996575.43
Dunkin' Brands Group,"Bars, hotels & restaurants",1980.0,906.0,8144.2,2886.0,2890.6400000000003,11030.2
"Fossil, Inc.",Leisure & home manufacturing,4217.34,36364.21,28544.640909090915,40581.55,18726.86118181818,69126.19090909092
Greif Inc,Metal products manufacturing,376681.0,415878.0,358375.0,792559.0,384778.9,1150934.0
"Guess ?, Inc.",Discretionary retail,1532.0,34910.0,70885.81818181818,36442.0,25416.163636363635,107327.81818181818
Henry Schein Inc.,"Trading, wholesale, distribution, rental & leasing",15516.0,10267.0,,25783.0,,25783.0
"Hologic, Inc.",Medical equipment & supplies,17517.620000000003,6524.025000000001,,24041.645000000004,,24041.645000000004
Ingram Micro Inc.,Commercial & consumer services,20467.036666666667,59399.45333333334,11301.12,79866.49,30313.57833333333,91167.61
Lam Research Corp.,Electrical & electronic equipment,27426.3,65137.07,11182.335000000001,92563.37,35490.738,103745.705
Kosmos Energy Ltd.,Oil & gas extraction & production,109309.0,2339.58,2019.0,111648.58,55760.174000000006,113667.58
Lennox International Inc,Electrical & electronic equipment,102200.0,65900.0,13488250.0,168100.0,2768520.0,13656350.0
Macerich Co.,Financial services,20909.72,44212.0,43125.75,65121.72,32343.61,108247.47
ManpowerGroup,Specialized professional services,28521.0,28702.0,11825.75,57223.0,25236.25,69048.75
"Regeneron Pharmaceuticals, Inc.",Biotech & pharma,58092.0,38652.0,55894.15857142857,96744.0,51820.43171428571,152638.15857142856
"RPM International, Inc.",Chemicals,,,,0.0,,0.0
"Schnitzer Steel Industries, Inc.","Metal smelting, refining & forming",101324.0,51480.0,7132665.415000001,152804.0,1492639.0830000003,7285469.415000001
SL Green Realty Corp.,Financial services,9473.416666666666,95839.26,49616.0,105312.67666666667,43411.68633333333,154928.67666666667
"Smithfield Foods, Inc.",Food & beverage processing,519515.0,722404.0,,1241919.0,,1241919.0
Steel Dynamics Inc.,"Metal smelting, refining & forming",,,,0.0,,0.0
Teleflex Incorporated,Medical equipment & supplies,,,,0.0,,0.0
Trimble Navigation Ltd.,Electrical & electronic equipment,4433.29,6728.56,5136.88,11161.85,5262.589,16298.73
Verisk Analytics Inc,Specialized professional services,6830.77,12954.6,9775.65,19785.370000000003,9256.895,29561.020000000004
GRADY CRAWFORD CONSTRUCTION CO,Construction,,,,0.0,,0.0
PS ENERGY GROUP INC,Industrial support services,,,,0.0,,0.0
SHARPER TECHNOLOGY,IT & software development,4.0,,4.1033333333333335,4.0,,8.103333333333333
GENESYS EUROPE LTD (Global),IT & software development,,,,0.0,,0.0
PlanAhead,Paper products & packaging,10000.0,,,10000.0,,10000.0
BWI Group,Metal products manufacturing,,,,0.0,,0.0
RSC Chemical Solutions,Chemicals,0.0,,,0.0,,0.0
"Comar, Inc.",Medical equipment & supplies,,,,0.0,,0.0
EMCOR Group Inc.,Specialized professional services,3453.0,144.0,,3597.0,,3597.0
ModusLink Corporation,Intermodal transport & logistics,779.0,7415.0,1678.0,8194.0,2949.6,9872.0
Multi-Color NACPG,Light manufacturing,32056.0,137238.0,85147.0,169294.0,74228.8,254441.0
Humanscale Corporation,Leisure & home manufacturing,731.02,1143.76,24664.81818181818,1874.78,5641.601636363636,26539.59818181818
Keilhauer,Leisure & home manufacturing,544.56,153.87,,698.43,,698.43
Conference Technologies,IT & software development,0.0,,,0.0,,0.0
Mondelez International Inc,Food & beverage processing,819933.0,961291.0,2414436.0,1781224.0,1181241.0,4195660.0
PVH Corp,Apparel design,35039.0,108483.0,942267.25,143522.0,238517.85,1085789.25
Via Seating,Leisure & home manufacturing,187.29,137.44,256.0,324.73,186.077,580.73
Amtrak,Rail transport,704687.0,267558.0,229893.44444444444,972245.0,478589.58888888895,1202138.4444444445
Flowers Foods Inc,Food & beverage processing,183615.0,199031.0,,382646.0,,382646.0
AbbVie Inc,Biotech & pharma,311433.0,319136.0,174760.83333333334,630569.0,286409.4666666667,805329.8333333334
Extra Space Storage Inc,Financial services,,,,0.0,,0.0
Huntsman Corporation,Chemicals,1800576.0,,,1800576.0,,1800576.0
ServiceNow Inc,IT & software development,0.0,13550.0,26222.0,13550.0,9309.400000000001,39772.0
Kilroy Realty,Financial services,3889.3333333333335,37507.666666666664,174450729.09,41397.0,34903342.78466667,174492126.09
MRC Global Inc,"Trading, wholesale, distribution, rental & leasing",16666.666666666668,,,16666.666666666668,,16666.666666666668
"GZA Geoenvironmental, Inc.",Specialized professional services,316.77,904.69,,1221.46,,1221.46
MIDWEST WAREHOUSE,Industrial support services,1876.0,3175.0,,5051.0,,5051.0
WESTERN CARRIERS,Industrial support services,70.46000000000001,1523.1299999999999,8.26,1593.59,493.82099999999997,1601.85
BOYD,Electrical & electronic equipment,97.39,3321.54,,3418.93,,3418.93
Brady Corporation,Print & publishing services,58.0,1712.0,,1770.0,,1770.0
EPE INDUSTRIES,Commercial & consumer services,0.0,,,0.0,,0.0
EMO TRANS,Intermodal transport & logistics,96.57,197.98,,294.54999999999995,,294.54999999999995
ISSI,Electrical & electronic equipment,,,,0.0,,0.0
LATTICE SEMICONDUCTOR,Electrical & electronic equipment,12444.0,,,12444.0,,12444.0
LITTELFUSE,Electrical & electronic equipment,27987.14,113491.02,5815.41,141478.16,49203.958,147293.57
NEOPHOTONICS CORPORATION,Electrical & electronic equipment,260.19,7169.44,,7429.629999999999,,7429.629999999999
PCTEL,Electrical & electronic equipment,,,,0.0,,0.0
TAMRON,Powered machinery,1392.0,,23386.5,1392.0,,24778.5
VIVOTEK LTD,Electrical & electronic equipment,71.42999999999999,1141.125,,1212.555,,1212.555
SHANG HAI JING SHENG,Specialized professional services,20.0,,,20.0,,20.0
American Axle & MFG Holdings Inc,Metal products manufacturing,149932.8,933064.1,,1082996.9,,1082996.9
"Dee Zee, Inc.",Metal products manufacturing,,,,0.0,,0.0
SHAPE CORP,Transportation equipment,,,,0.0,,0.0
FEENEY BROTHERS EXCAVATION,Oil & gas storage & transportation,,,,0.0,,0.0
NORTHLINE UTILITIES,Energy utility networks,300.0,,,300.0,,300.0
G & W Electric,Electrical & electronic equipment,38.400000000000006,,,38.400000000000006,,38.400000000000006
Koppers Holdings Inc,Chemicals,369098.0,94365.0,962.0,463463.0,213050.9,464425.0
Leidos,IT & software development,2527.0,67287.0,42725.5,69814.0,29994.699999999997,112539.5
News Corp,Print & publishing services,28144.91,155356.36,137790.44444444444,183501.27,88237.45188888889,321291.7144444444
Stella-Jones Inc,Wood & paper materials,68657.42,21859.84,,90517.26,,90517.26
BRP,Transportation equipment,33661.0,38069.0,3367.0,71730.0,28924.6,75097.0
Voya Financial,Financial services,1327.0,16170.0,50632.857142857145,17497.0,15641.07142857143,68129.85714285714
IWCO DIRECT,Print & publishing services,3222.68,,,3222.68,,3222.68
PLATINUM GENERAL SERVICES,Construction,,,,0.0,,0.0
LANNER ELEC,Electrical & electronic equipment,0.0,,,0.0,,0.0
Bizlink,Electrical & electronic equipment,1441.38,30719.18,,32160.56,,32160.56
Yotrio Group,Leisure & home manufacturing,1269.5,1184.0,120.0,2453.5,1013.95,2573.5
NYC ALLIANCE COMPANY LLC,Textiles & fabric goods,,,,0.0,,0.0
Radio Flyer Inc,Leisure & home manufacturing,984.5,1010.2,15082.805,1994.7,3811.871,17077.505
Arista Networks,Electrical & electronic equipment,801.23,5872.79,151007.4,6674.02,32363.932,157681.41999999998
Gates Corporation,Plastic product manufacturing,210.5,5555.5,,5766.0,,5766.0
MINIATURE PRECISION COMP.,Plastic product manufacturing,232.56,232.56,,465.12,,465.12
Detroit Manufacturing Systems,Transportation equipment,,,,0.0,,0.0
M&M Cartage,Road transport,52759.41,387.47,,53146.880000000005,,53146.880000000005
Axalta Coating Systems,Chemicals,74690.5,126446.0,245219.0,201136.5,124322.84999999999,446355.5
MOSAIC SALES SOLUTIONS US OPERATING,Specialized professional services,,,,0.0,,0.0
ARTESYN EMBEDDED TECHNOLOGIES,Electrical & electronic equipment,1928.5700000000002,59404.53,3053.4225,61333.1,19396.3285,64386.5225
"Standard Iron & Wire Works, Inc.",Powered machinery,,,,0.0,,0.0
Industrial Services Corp,Industrial support services,,,,0.0,,0.0
Marwood International Inc,Powered machinery,,,,0.0,,0.0
SONIM TECHNOLOGIES INC,Electrical & electronic equipment,100.0,,,100.0,,100.0
"Franklin Press, Inc.",Print & publishing services,,,,0.0,,0.0
THE SERVICE COMPANIES DBA FULL SERVICE SYSTEMS,"Bars, hotels & restaurants",,,,0.0,,0.0
OFS Brands,Leisure & home manufacturing,39968.71,16558.57,,56527.28,,56527.28
CCOMM INTEGRATED TECHNOLOGY SERVICES INC,"Media, telecommunications & data center services",,,,0.0,,0.0
SAVANT ACCESS INCORPORATED,"Media, telecommunications & data center services",,,,0.0,,0.0
Stance Healthcare,Medical equipment & supplies,34.68,11.6,,46.28,,46.28
Sungard Availability Services (Sungard AS),Specialized professional services,5203.88,247116.19000000003,1709.2,252320.07000000004,77078.637,254029.27000000005
Navient Corp,Financial services,50.6,13971.8,,14022.4,,14022.4
Seven Generations Energy,Oil & gas extraction & production,1059318.21,6120.4,458.07,1065438.6099999999,531586.8389999999,1065896.68
Prairiesky Royalty Ltd,Land & property ownership & development,144.0,386.0,32.9,530.0,194.38000000000002,562.9
Endeavour Mining Corp,Metallic mineral mining,237803.0,30649.0,,268452.0,,268452.0
SHANGHAI YINGSHUO PLASTIC CO;LTD,Plastic product manufacturing,35.54,7043.62,161.73999999999998,7079.16,2163.2039999999997,7240.9
CUSTOM STEEL PROCESSING,"Metal smelting, refining & forming",,,,0.0,,0.0
STEWART MANUFACTURING LLC,Metal products manufacturing,,,,0.0,,0.0
HARTE-HANKS,Web & marketing services,,,,0.0,,0.0
POTTERS CONSTRUCTION,Construction,350.0,,,350.0,,350.0
MENEMSHA COMPANIES,Commercial & consumer services,,,,0.0,,0.0
AARON GROUP INC,"Trading, wholesale, distribution, rental & leasing",,,,0.0,,0.0
"Austin General Contracting, Inc.",Construction,199.7,400.29,,599.99,,599.99
VICKI'S PARTY PRO INC,Discretionary retail,,,,0.0,,0.0
"Bry-lex, Inc.","Trading, wholesale, distribution, rental & leasing",,,,0.0,,0.0
ABF,Road transport,,,,0.0,,0.0
ALERIS,Transportation equipment,209662.0,204563.0,,414225.0,,414225.0
AKVELON INC,IT & software development,0.0,,,0.0,,0.0
CATALYSIS Inc.,Specialized professional services,,,,0.0,,0.0
DESIGN LABORATORY INC,Specialized professional services,0.0,59.67,37.1025,59.67,25.3215,96.77250000000001
REDMOND TECHNOLOGY PARTNERS LLC,Specialized professional services,,,,0.0,,0.0
SUNRISE IDENTITY LLC,Textiles & fabric goods,64.02,133.6,,197.62,,197.62
THE SPUR GROUP INC,Specialized professional services,,,,0.0,,0.0
ZEN3 INFOSOLUTIONS AMERICA INC,IT & software development,,,,0.0,,0.0
Bay Corrugated,Paper products & packaging,23.9,5220.67,118.64,5244.57,1601.8790000000001,5363.21
C-P Flexible Packaging,Light manufacturing,,,,0.0,,0.0
Coalescence,Food & beverage processing,,,,0.0,,0.0
Grain Millers,Food & beverage processing,,,,0.0,,0.0
Grain Craft,Food & beverage processing,2368.3,67893.51,22927.103333333333,70261.81,26137.623666666666,93188.91333333333
Healthy Food Ingredients,Food & beverage processing,34.4,1571.0,482.3333333333333,1605.4,584.9666666666666,2087.7333333333336
King Milling,Food & beverage processing,,,,0.0,,0.0
Sensory Effects,Food & beverage processing,2493.0,5465.6,,7958.6,,7958.6
Snavely,Food & beverage processing,,,,0.0,,0.0
The Andersons Canada Limited,Food & beverage processing,5763.0,170.0,1641.0,5933.0,3260.7,7574.0
Hartford Paving,Construction,,,,0.0,,0.0
Telos Corporation,IT & software development,2223.0,2223.0,6189.966666666667,4446.0,3016.3933333333334,10635.966666666667
"Hannon Armstrong Sustainable Infrastructure Capital, Inc",Financial services,0.0,70.5,73.0,70.5,35.75,143.5
ALP LIGHTING COMPONENTS,Plastic product manufacturing,22.41,14.0,,36.41,,36.41
"Etsy, Inc.",Discretionary retail,371.87,2923.0,27412.252,3294.87,6545.285400000001,30707.122
Farmer Brothers,Food & beverage processing,28911.0,11330.0,74238.0,40241.0,32702.1,114479.0
Blue Cross Blue Shield Massachusetts,Other services,2791.25,6299.0625,6543.37,9090.3125,4594.01775,15633.682499999999
WestRock Company,Paper products & packaging,5475063.5,2198923.07,1374240.1442857143,7673986.57,3672056.6998571428,9048226.714285715
Citizens Financial Group Inc,Financial services,13494.0,44540.0,6472.0,58034.0,21403.4,64506.0
PayPal Holdings Inc,Specialized professional services,10076.0,,26478.0,10076.0,,36554.0
Xanterra Parks & Resorts,Entertainment facilities,101983.0,31897.0,2566.51,133880.0,61073.902,136446.51
Hydro One Limited,Energy utility networks,119455.0,98631.0,1020.0,218086.0,89520.8,219106.0
Shopify Inc,Web & marketing services,1081.22,1006.6099999999999,5961.86,2087.83,2034.9650000000001,8049.69
Parex Resources Inc,Oil & gas extraction & production,103066.5,98.94999999999999,7415.6,103165.45,53046.055,110581.05
The Kraft Heinz Company,Food & beverage processing,,,2546969.25,0.0,,2546969.25
HP Inc,Electrical & electronic equipment,64925.0,259150.0,3256666.6666666665,324075.0,761540.8333333334,3580741.6666666665
Hewlett Packard Enterprise Company,"Media, telecommunications & data center services",67657.0,335361.0,910845.3636363636,403018.0,316605.87272727274,1313863.3636363638
California Resources Corp,Oil & gas extraction & production,3502556.0,328395.0,6069564.0,3830951.0,3063709.3,9900515.0
Keysight Technologies Inc,Electrical & electronic equipment,7300.849999999999,66698.90000000001,14129.85,73999.75000000001,26486.065000000002,88129.60000000002
Paramount Group Inc,Land & property ownership & development,7661.66,56514.587499999994,,64176.2475,,64176.2475
Boyd Group Services Inc.,Commercial & consumer services,,,,0.0,,0.0
Surge Energy Inc,Oil & gas extraction & production,189208.5,50811.2175,0.64,240019.7175,109847.74325,240020.3575
Chemours Co/The,Chemicals,8366000.0,,13743916.666666666,8366000.0,,22109916.666666664
Calumet Specialty Products Partners LP,Oil & gas processing,33027.4,,,33027.4,,33027.4
Darling Ingredients Inc,Food & beverage processing,1431910.0,393589.0,,1825499.0,,1825499.0
LUMENTUM,Electrical & electronic equipment,7023.0,15820.0,3997.0,22843.0,9056.9,26840.0
Brewer Science,Chemicals,816.44,9188.35,576.88,10004.79,3280.1010000000006,10581.67
Fujimi Incorporated,Chemicals,149.44,2182.81,,2332.25,,2332.25
Entegris Inc,Plastic product manufacturing,20452.5,93023.05,,113475.55,,113475.55
Moses Lake Industries,Chemicals,7336.0,0.0,,7336.0,,7336.0
Rinchem Company Inc,Commercial & consumer services,31199.0,1538.0,22468.0,32737.0,20554.5,55205.0
Kmg Electronic Materials,Chemicals,0.0,18588.0,,18588.0,,18588.0
Tosoh Quartz,Other materials,812.0,2590.0,,3402.0,,3402.0
THE PEER GROUP INC.,IT & software development,0.0,,,0.0,,0.0
AlmadenÂ Press,Print & publishing services,,,,0.0,,0.0
CYMA BUILDERS & CONSTRUCTION M S INC,Construction,,,,0.0,,0.0
QPSI,Light manufacturing,,,1080511.51,0.0,,1080511.51
Turtle & Hughes,Electrical & electronic equipment,241.0,532.5,109.35,773.5,302.12,882.85
UNIVERSAL CONSTRUCTION,Construction,0.0,,,0.0,,0.0
CHA HOLDINGS,Specialized professional services,157.8,1444.9,1457.5,1602.7,803.87,3060.2
DDS UTILITIES,Energy utility networks,,,,0.0,,0.0
CONTROLPOINT TECHNOLOGIES,Specialized professional services,0.0,,,0.0,,0.0
GEOSYNTEC CONSULTANTS,Specialized professional services,,,,0.0,,0.0
WISE PLASTICS TECHNOLOGIES,Plastic product manufacturing,,,,0.0,,0.0
AMERICAN TIRE DISTRIBUTORS INC,"Trading, wholesale, distribution, rental & leasing",,,,0.0,,0.0
OREGON POTATO CO,Food & beverage processing,,,,0.0,,0.0
SECURIAN FINANCIAL GROUP INC,Financial services,,,,0.0,,0.0
W SOULE & CO,Metal products manufacturing,,,,0.0,,0.0
WINDMILL RICE CO LLC,Food & beverage processing,,,,0.0,,0.0
ACRO SERVICE CORP,Commercial & consumer services,,,,0.0,,0.0
CAMPBELL WRAPPER CORP,Powered machinery,,,,0.0,,0.0
INSIGHT PROMOTIONS LLC,Leisure & home manufacturing,,,,0.0,,0.0
MAYS CHEMICAL CO INC,Chemicals,58.44,895.0,,953.44,,953.44
PACKAGING PRODUCTS CORP,Plastic product manufacturing,,,,0.0,,0.0
LION ELASTOMERS,Chemicals,4224.6,52476.0,,56700.6,,56700.6
NATIONAL-STANDARD COMPANY,Metal products manufacturing,,,,0.0,,0.0
Tokai Carbon CB,Chemicals,956929.0,,,956929.0,,956929.0
RENEE TAYLOR CONSULTING INC,Commercial & consumer services,0.0,,,0.0,,0.0
UNLEASHING LEADERS INC,Other services,,,,0.0,,0.0
US Cold Storage,Electrical & electronic equipment,678.0,117749.0,,118427.0,,118427.0
"OMARK Consultants, Inc.",Industrial support services,1.0,,,1.0,,1.0
Form Factor Inc.,Electrical & electronic equipment,3910.0,8486.0,,12396.0,,12396.0
Wisconsin Energy Conservation Corporation (WECC),Construction,111.99,236.42,60.46666666666667,348.40999999999997,139.01433333333333,408.87666666666667
Tosoh SMD,Chemicals,318.0,10086.0,,10404.0,,10404.0
Avangrid Inc,Thermal power generation,1363231.0,381534.0,2031718.0,1744765.0,1202419.3,3776483.0
Arconic Corp,Powered machinery,1614171.3333333333,1693756.6666666667,3235870.4,3307928.0,1962386.7466666666,6543798.4
Dell Technologies,Electrical & electronic equipment,58965.0,436381.0,4410656.5,495346.0,1042528.1000000001,4906002.5
NATURAL ADVANTAGE,Food & beverage processing,533.75,,275.56,533.75,,809.31
FLOW POLYMERS,Chemicals,20271.77,,27.04,20271.77,,20298.81
Neapco Europe,Transportation equipment,6600.0,,,6600.0,,6600.0
Fair Isaac Corporation,IT & software development,,,,0.0,,0.0
Versum,Chemicals,814128.0,73921.0,191971.5,888049.0,467634.6,1080020.5
PT Cahaya Bumi Cemerlang,Chemicals,122.0,59.0,,181.0,,181.0
ANISA INTERNATIONAL INC,Light manufacturing,187.32,1201.97,590.7033333333334,1389.29,572.3916666666667,1979.9933333333333
AXIUM,Plastic product manufacturing,106.47500000000001,100559.2,928.4,100665.675,30406.677499999998,101594.075
"CAROLINA PRECISION PLASTICS, LLC",Plastic product manufacturing,,,,0.0,,0.0
VERICON CONSTRUCTION CO LLC,Construction,,,,0.0,,0.0
VALUTECH OUTSOURCING LLC,Electrical & electronic equipment,1.19,1.18,0.0125,2.37,0.9514999999999999,2.3825000000000003
Bel Power Solutions,Electrical & electronic equipment,,,,0.0,,0.0
Performance Technology Partners,Specialized professional services,,,,0.0,,0.0
KOCH ENTERPRISES INC,Metal products manufacturing,65000.0,,,65000.0,,65000.0
TSM CORP,Powered machinery,,,,0.0,,0.0
NATIONAL RESPONSE,Industrial support services,,,,0.0,,0.0
VANTAGE BUILDERS,Construction,,,,0.0,,0.0
Lion Raisins Inc,Food & beverage processing,,,,0.0,,0.0
"MONOLITHIC POWER SYSTEMS, INC.",Electrical & electronic equipment,,,,0.0,,0.0
NATIONAL PACKAGING SERVICE,Other materials,0.0,,100.0,0.0,,100.0
Direct Source Seafood,"Trading, wholesale, distribution, rental & leasing",5.7,,5.7,5.7,,11.4
"Albertsons Companies, Inc.",Convenience retail,2688307.82,2264015.67,15083.0,4952323.49,2026375.2110000001,4967406.49
"Kreher Steel Company, LLC",Metal products manufacturing,,,,0.0,,0.0
Nutrien Ltd.,Chemicals,11694431.0,3066714.0,2914499.0,14761145.0,7350129.5,17675644.0
Mold-Rite Plastics LLC,Plastic product manufacturing,,,,0.0,,0.0
"Infinity Communications, LLC*",Construction,345.0,,,345.0,,345.0
OKTA,IT & software development,,,,0.0,,0.0
BARDSTOWN BOURBON COMPANY,Food & beverage processing,15149.0,,,15149.0,,15149.0
CLEAVELAND/PRICE INC.,Electrical & electronic equipment,,,,0.0,,0.0
"Veteran Supply Services, LLC",Energy utility networks,,,,0.0,,0.0
ACCU WELD TECHNOLOGIES,Oil & gas storage & transportation,0.0,,,0.0,,0.0
F & G CONSTRUCTION,Energy utility networks,,,,0.0,,0.0
SUBURBAN CONTRACT CLEANING,Commercial & consumer services,,,,0.0,,0.0
ULC ROBOTICS,Specialized professional services,,,,0.0,,0.0
TREE CARE OF NEW YORK,Construction,,,,0.0,,0.0
WILSON CONSTRUCTION,Construction,9981.25,525.0,,10506.25,,10506.25
"BARTLETT BRAINARD EACOTT, INC.",Construction,,,,0.0,,0.0
"BENCHMARK CRAFTSMAN, INC.",Web & marketing services,,,,0.0,,0.0
"EMU PLASTICS (TEX) LIMITED, INC.",Plastic product manufacturing,,,,0.0,,0.0
"HERD MANUFACTURING, INC.",Metal products manufacturing,0.0,,,0.0,,0.0
MW Industries,Metal products manufacturing,,,,0.0,,0.0
"LOUREIRO ENGINEERING ASSOCIATES, INC.",Specialized professional services,,,,0.0,,0.0
MILLENNIUM REAL ESTATE SERVICE,Financial services,,,,0.0,,0.0
"STANDARD CABLE USA, INC.",Electrical & electronic equipment,,,,0.0,,0.0
THE ROSEN GROUP PROFESSIONAL,Specialized professional services,,,,0.0,,0.0
ARMSTRONG PARTNERSHIP,Web & marketing services,51.0,24.0,,75.0,,75.0
A PLUS MEETINGS & INCENTIVES,Commercial & consumer services,0.0,,,0.0,,0.0
APPLIED ACOUSTICS INTERNATIONAL,Transportation equipment,,,,0.0,,0.0
AJ ROSE MANUFACTURING COMPANY,Metal products manufacturing,943.66,,0.0,943.66,,943.66
BATESVILLE TOOL & DIE INC,Transportation equipment,712.45,3886.8100000000004,2499.46,4599.26,2022.16,7098.72
BELLETECH CORP,Transportation equipment,86.72,1485.8,524.18,1572.52,593.9359999999999,2096.7
"CASCADE ENGINEERING, INC.",Plastic product manufacturing,,41.949999999999996,,41.949999999999996,,41.949999999999996
"FORTUS TECHNOLOGIES, INC",Metal products manufacturing,3931.85,5447750.08,10124552.17,5451681.93,3661201.3830000004,15576234.1
"JAYNA, INC.",Metal products manufacturing,,,,0.0,,0.0
MILSCO MANUFACTURING,Transportation equipment,,,,0.0,,0.0
OHASHI TECHNICA USA INC,"Metal smelting, refining & forming",,,,0.0,,0.0
"MARION INDUSTRIES, INC.",Transportation equipment,626.61,1490.5,2117.1,2117.11,1183.875,4234.21
"ROCKFORD PROCESS CONTROL, INC.",Transportation equipment,983.455,1898.3700000000001,1353.64,2881.8250000000003,1331.9665,4235.465
UNYTITE,Metal products manufacturing,932.5,5102.2,123.1,6034.7,2021.5299999999997,6157.8
Baublebar,Leisure & home manufacturing,,,,0.0,,0.0
MEDELA INC,Medical equipment & supplies,433.415,,,433.415,,433.415
Tai Apparel Inc.,Textiles & fabric goods,250.0,80.0,,330.0,,330.0
Wildcat Wholesale LLC,Chemicals,,,,0.0,,0.0
MIRANTIS INC,IT & software development,,,,0.0,,0.0
NCS TECHNOLOGIES,Specialized professional services,0.0,,,0.0,,0.0
AVA PORK PRODUCTS INC,Food & beverage processing,,,,0.0,,0.0
BEE NATURAL HONEY LLC,Food & beverage processing,0.0,,0.0,0.0,,0.0
ERGOTRON,Medical equipment & supplies,579.0,7198.0,,7777.0,,7777.0
"M&G EXPRESSO,INC",Food & beverage processing,,,,0.0,,0.0
MAGIC DIRT,Crop farming,,,,0.0,,0.0
"Harbinger Group, LLC dba Misionero",Food & beverage processing,584.0,3388.0,,3972.0,,3972.0
CRYSTAL ART OF FLORIDA  INC,Discretionary retail,,,,0.0,,0.0
GRANITE SOLUTIONS GROUPE,Financial services,0.0,,,0.0,,0.0
"TRICOR PACIFIC CAPITAL, INC",Plastic product manufacturing,,,,0.0,,0.0
"ROYAL CONSUMER INFORMATION PRODUCTS, INC.",Electrical & electronic equipment,9633.0,9826.0,0.0,19459.0,7764.299999999999,19459.0
FORGE INDUSTRIES INC,Powered machinery,0.0,,,0.0,,0.0
CONSOL Energy Inc,Coal mining,7222103.0,292821.0,34042869.0,7514924.0,10507471.600000001,41557793.0
ROAD SHOW LOGISTICS LLC,"Trading, wholesale, distribution, rental & leasing",,,,0.0,,0.0
DESERT LABOR SVCS LLC,Commercial & consumer services,,,,0.0,,0.0
BANGARANG ENTERPRISES LLC,Intermodal transport & logistics,,,,0.0,,0.0
ALBERT USTER IMPORTS INC,Food & beverage processing,,,,0.0,,0.0
BGIS,Other services,10419.6,672.4,3808.7,11092.0,6173.26,14900.7
SHI International Corp.,Specialized professional services,440.0,7586.0,,8026.0,,8026.0
Wyndham Hotels & Resorts,"Bars, hotels & restaurants",57578.0,235785.0,,293363.0,,293363.0
"Pyxus International, Inc.",Tobacco,66083.62,37955.61,62671.92142857143,104039.23,56962.87728571428,166711.15142857144
OIA GLOBAL,Intermodal transport & logistics,10.0,529.5,,539.5,,539.5
BEEMAKPLASTICSINC,Plastic product manufacturing,,,,0.0,,0.0
"Hollingsworth, Inc.",Commercial & consumer services,0.0,,,0.0,,0.0
Mando corporation USA,Transportation equipment,24.45,4794.19,9641.28,4818.639999999999,3378.7380000000003,14459.92
BEACHHEAD INCORPORATED,Specialized professional services,,32.7,18.605,32.7,,51.30500000000001
BMF MEDIA GROUP LLC,"Media, telecommunications & data center services",,,,0.0,,0.0
TDK TECHNOLOGIES LLC,IT & software development,0.0,336.0,139.93333333333334,336.0,128.78666666666666,475.93333333333334
STAR MANUFACTURING,Metal products manufacturing,0.0,,,0.0,,0.0
MAMCO PRECISION MOLDING,Plastic product manufacturing,,,,0.0,,0.0
INDIANA AUTOMOTIVE FASTENERS INC.,Transportation equipment,,,,0.0,,0.0
Apollo Microwaves Ltd.,Metal products manufacturing,,,,0.0,,0.0
SKY TESTING SERVICES,Specialized professional services,,,,0.0,,0.0
BRENT BALTIN,"Trading, wholesale, distribution, rental & leasing",,,,0.0,,0.0
C & M Manufacturing Corporation,Metal products manufacturing,,,,0.0,,0.0
"COMMERCIAL LUMBER & PALLET CO., INC.",Wood & paper materials,,,,0.0,,0.0
EATON STEEL CORPORATION,"Metal smelting, refining & forming",,,,0.0,,0.0
KLINGSPOR ABRASIVES INC,Powered machinery,600.0,,,600.0,,600.0
KRAYDEN,Other materials,,,,0.0,,0.0
"NITCO, LLC","Trading, wholesale, distribution, rental & leasing",,,,0.0,,0.0
NATIONAL FRAME RAIL INC,Metal products manufacturing,,,,0.0,,0.0
TRINITY FORGE,Metal products manufacturing,,,,0.0,,0.0
"U. S. ELECTROFUSED MINERALS, INC.",Other materials,0.0,,,0.0,,0.0
AMERICAN MACHINE WORKS INC,Metal products manufacturing,,,,0.0,,0.0
"Union Electric, Inc.",Construction,0.0,,,0.0,,0.0
SCHWEITZER INC,Construction,,,,0.0,,0.0
SPRINGFIELD MACHINE & TOOL INC,Metal products manufacturing,25.0,322.0,7.5,347.0,110.6,354.5
MONUMENT CONSULTING LLC,Specialized professional services,,,,0.0,,0.0
WHEELS HOLDCO INC,Intermodal transport & logistics,119.13,95.6,227.16500000000002,214.73,133.678,441.895
Yakima Chief Inc.,Food & beverage processing,4449.0,,90995.4,4449.0,,95444.4
Delphi Productions Inc,Light manufacturing,371.48,765.46,,1136.94,,1136.94
NEWPORT IP LLC,Commercial & consumer services,314.0,,314.0,314.0,,628.0
OSLO SOLUTIONS LLC,IT & software development,,,,0.0,,0.0
IDEAL JACOBS,Print & publishing services,,,,0.0,,0.0
NEOGRAF SOLUTIONS,Electrical & electronic equipment,,,,0.0,,0.0
Faryl Robin Shoe Agent,Apparel design,0.0,2.86,,2.86,,2.86
GLOBAL BUILDING SERVICES,Commercial & consumer services,,,,0.0,,0.0
"Dorel Home Furnishings, Inc.",Leisure & home manufacturing,0.0,3.0,,3.0,,3.0
Sequin,Discretionary retail,,,,0.0,,0.0
Stony Apparel Corporation,Apparel design,0.0,267.14,,267.14,,267.14
FIG STREET MARKETING GROUP,Web & marketing services,,,,0.0,,0.0
PATTERSON & SHERIDAN,Specialized professional services,0.0,,,0.0,,0.0
ONE WORKPLACE L FERRARI,Discretionary retail,,,,0.0,,0.0
Mastronardi Produce Limited,Crop farming,118737.0,,2037.0,118737.0,,120774.0
"Valvoline, LLC",Chemicals,9883.333333333334,23050.333333333332,,32933.666666666664,,32933.666666666664
Golden Crust Bakeries Inc.,Food & beverage processing,,,,0.0,,0.0
Houweling's Group,Crop farming,50465.0,8561.0,539.24,59026.0,27908.648,59565.24
QP HOLDINGS LLC DBA QUANTUM PLASTIC,Plastic product manufacturing,,,,0.0,,0.0
Collison-Goll Limited,Metal products manufacturing,21.08,,,21.08,,21.08
"Precision Tool & Mold, Inc.",Plastic product manufacturing,3.57,837.97,,841.5400000000001,,841.5400000000001
Strong Tower Consulting,Specialized professional services,,,,0.0,,0.0
"MSA Safety, Inc.",Plastic product manufacturing,4004.0,23652.7,,27656.7,,27656.7
"The Martin-Brower Company, L.L.C.",Road transport,271498.0,62816.0,96547.75,334314.0,173903.34999999998,430861.75
"The HAVI Group, LP",Intermodal transport & logistics,87804.0,52061.0,46977.142857142855,139865.0,68915.72857142857,186842.14285714284
